neg,neu,pos,image
0.24362704,0.09986249,0.6565104,../../../images/500px_cc0/images/78827175_Mug_of_Cocoa.jpg
0.18653472,0.30884162,0.50462365,../../../images/500px_cc0/images/162876571_among_the_reeds.jpg
0.37643826,0.5107149,0.112846844,../../../images/500px_cc0/images/194901225_Frozen_Balaton.jpg
0.27823907,0.36071366,0.36104733,../../../images/500px_cc0/images/162077443_Sunset.jpg
0.09476647,0.497986,0.4072475,../../../images/500px_cc0/images/139228225_Sunset-PicLiberum.com_0001.jpg
0.27424595,0.26998785,0.45576623,../../../images/500px_cc0/images/1026890271_Reclining_Naiad_1819-1824_by_.jpg
0.25089523,0.59912306,0.14998178,../../../images/500px_cc0/images/172478803_Keresztespok_Cross_Orbweaver.jpg
0.16676542,0.5336165,0.2996181,../../../images/500px_cc0/images/1026975700_http_www.metmuseum.org_art_collection_search_247994.jpg
0.16069609,0.38310334,0.45620063,../../../images/500px_cc0/images/84887859_Leipziger_Zoo.jpg
0.12867314,0.24807212,0.6232548,../../../images/500px_cc0/images/130002297_Island.jpg
0.17092387,0.2875742,0.54150194,../../../images/500px_cc0/images/160438281_Mom_picking_lavender.jpg
0.2346892,0.14482778,0.62048304,../../../images/500px_cc0/images/224938483_501_bird.jpg
0.16960423,0.33072272,0.49967298,../../../images/500px_cc0/images/79280207_MM00A-0808_Pellgje.jpg
0.67974865,0.16442426,0.15582716,../../../images/500px_cc0/images/232495645_The_Supreme_cannot_be_found_amongst_the_things_that_are_visible..jpg
0.26372358,0.2130657,0.52321076,../../../images/500px_cc0/images/139253071_Shroom-PicLiberum_com_0008.jpg
0.35166147,0.43373573,0.21460278,../../../images/500px_cc0/images/302137879_Cherry_Blossom.jpg
0.015931662,0.9188262,0.06524209,../../../images/500px_cc0/images/130002917_Watch.jpg
0.21005788,0.40674606,0.3831961,../../../images/500px_cc0/images/148674963_How_could_a_wise_man_sincerely_believe_that_the_formless_Existence_is_affected_by_forms_.jpg
0.11535121,0.27367124,0.61097753,../../../images/500px_cc0/images/159785189_Retouch_Lake.jpg
0.2058166,0.38499984,0.4091836,../../../images/500px_cc0/images/225088709_Ducks_at_the_stromy_Balaton.jpg
0.120698534,0.2903891,0.58891237,../../../images/500px_cc0/images/130002299_People.jpg
0.07566676,0.5736003,0.35073304,../../../images/500px_cc0/images/265610567_Mystic_Albula_II.jpg
0.1375242,0.42357495,0.43890083,../../../images/500px_cc0/images/259634613_Gilia_tricolor.jpg
0.5292638,0.26412553,0.20661074,../../../images/500px_cc0/images/130003187_Barman.jpg
0.43439344,0.26696196,0.29864466,../../../images/500px_cc0/images/241904221_f_.jpg
0.1481984,0.48062694,0.37117463,../../../images/500px_cc0/images/146064559_Viktoria.jpg
0.34128094,0.47792313,0.18079586,../../../images/500px_cc0/images/130003227_Small_bird.jpg
0.6864627,0.13848427,0.17505297,../../../images/500px_cc0/images/254033919_forest_stairs.jpg
0.13192299,0.32470712,0.54336995,../../../images/500px_cc0/images/130003289_Day_at_sea.jpg
0.26218686,0.5170395,0.2207737,../../../images/500px_cc0/images/173224175_Bird_on_a_branch.jpg
0.17776921,0.34047624,0.4817546,../../../images/500px_cc0/images/223595997_Rocks_in_the_Beach.jpg
0.71520984,0.22936839,0.055421792,../../../images/500px_cc0/images/247698413_winter_in_the_woods.jpg
0.038926534,0.5978152,0.36325824,../../../images/500px_cc0/images/232783277_going_home.jpg
0.15266937,0.3161239,0.5312068,../../../images/500px_cc0/images/223460437_A_walk_in_the_park.jpg
0.1305792,0.36810377,0.501317,../../../images/500px_cc0/images/258564947_Phacelia_tanacetifolia.jpg
0.32530105,0.5144389,0.16026004,"../../../images/500px_cc0/images/1023277564_Montauk_Point_Lighthouse,_Montauk_Point_State_Park,_New_York.jpg"
0.03740678,0.21468124,0.747912,../../../images/500px_cc0/images/260998095_orange.jpg
0.47985137,0.14037624,0.37977248,"../../../images/500px_cc0/images/287661311_Art_in_Cities,_Athens,_Greece-CC0_Royalty_free.jpg"
0.40414938,0.39376605,0.20208454,../../../images/500px_cc0/images/202176431_Mark.jpg
0.1259529,0.7761929,0.09785423,../../../images/500px_cc0/images/78786593_Elsa_Victory_3D_graphics_card.jpg
0.28058854,0.32533962,0.39407185,../../../images/500px_cc0/images/231222599_Her.jpg
0.34738883,0.17929809,0.473313,../../../images/500px_cc0/images/78786585_Caridina_japonica.jpg
0.028122785,0.24439615,0.72748107,../../../images/500px_cc0/images/260904605_cyanus_segetum-dark_red.jpg
0.17793986,0.1278459,0.69421417,../../../images/500px_cc0/images/229736563_Tihany_August_20..jpg
0.07775701,0.22240043,0.6998425,../../../images/500px_cc0/images/130002295_Sea_view.jpg
0.053870652,0.11847014,0.8276592,../../../images/500px_cc0/images/151440493_Mark.jpg
0.6260027,0.2877974,0.08619985,../../../images/500px_cc0/images/252756505_Young_apple_tree.jpg
0.28119114,0.43246678,0.2863421,../../../images/500px_cc0/images/130002959_Extreme_biker.jpg
0.032790188,0.2698693,0.69734055,../../../images/500px_cc0/images/260395273_cyanus_segetum.jpg
0.14522102,0.20607814,0.6487009,../../../images/500px_cc0/images/234985111_Budapest_at_night.jpg
0.19143283,0.58380663,0.22476056,../../../images/500px_cc0/images/107515765_Tomato_blossom.jpg
0.30276993,0.31764647,0.37958357,../../../images/500px_cc0/images/287765245_Bring_the_Light.jpg
0.22720532,0.31268108,0.46011364,../../../images/500px_cc0/images/227480157_center_parcs-de_kempervennen.jpg
0.43291527,0.13913597,0.42794883,../../../images/500px_cc0/images/210415495_make_a_cold_wish.jpg
0.0079136975,0.95433617,0.03775025,../../../images/500px_cc0/images/130002717_Shoes.jpg
0.29425102,0.366305,0.33944395,../../../images/500px_cc0/images/199240065_MM00A-1602_RSC_LEX_ROA_H2O_D3200.jpg
0.5178248,0.2795606,0.20261458,../../../images/500px_cc0/images/130002307_IPhone.jpg
0.11783455,0.5076088,0.3745566,../../../images/500px_cc0/images/139933905_Tall-PicLiberum_com_0014.jpg
0.27976668,0.40930238,0.310931,../../../images/500px_cc0/images/287692485_.jpg
0.23508663,0.5417471,0.22316632,../../../images/500px_cc0/images/164175291_pylon_in_the_clouds.jpg
0.12076003,0.38581258,0.4934274,../../../images/500px_cc0/images/258824101_Phacelia_tanacetifolia.jpg
0.2287164,0.3850141,0.3862695,../../../images/500px_cc0/images/131139407_Free_Stock_Photos.jpg
0.16044897,0.322774,0.51677704,../../../images/500px_cc0/images/242215175_Guy_enjoying_sunset.jpg
0.22190535,0.43413508,0.3439596,../../../images/500px_cc0/images/258577687_blossom.jpg
0.11100937,0.27563572,0.61335486,../../../images/500px_cc0/images/268021827_Decksteiner_Weiher.jpg
0.5473139,0.14406884,0.30861723,../../../images/500px_cc0/images/154312333_Defocused_focusing.jpg
0.048498247,0.78862256,0.16287917,../../../images/500px_cc0/images/1003502191_Flat_lay_of_business_concept.jpg
0.115268975,0.39091286,0.4938182,../../../images/500px_cc0/images/1011015165_Anemone-.jpg
0.29985374,0.27790722,0.42223904,../../../images/500px_cc0/images/223658055_Rocks.jpg
0.35134676,0.3508291,0.2978241,../../../images/500px_cc0/images/168899139_Giant_Universe.jpg
0.123391025,0.50202185,0.3745872,../../../images/500px_cc0/images/223477547_Untitled.jpg
0.23943733,0.45087016,0.30969253,../../../images/500px_cc0/images/243189027_Cars_plugged-in_at_a_charging_pole_2_.jpg
0.1315119,0.60565335,0.2628347,../../../images/500px_cc0/images/175868717_Shine_Bright_in_Midst_of_Darkness.jpg
0.17047712,0.29101107,0.53851175,../../../images/500px_cc0/images/107140907_Tagetes.jpg
0.17282788,0.31168905,0.5154831,../../../images/500px_cc0/images/140186005_Buildings-PicLiberum_com_0016.jpg
0.10708438,0.5761053,0.31681028,../../../images/500px_cc0/images/130002303_Boat.jpg
0.25506958,0.37311378,0.37181666,../../../images/500px_cc0/images/79225887_Happy_Socks.jpg
0.1678817,0.6734221,0.15869619,../../../images/500px_cc0/images/178594907_broken_wing.jpg
0.11873565,0.21421784,0.6670465,../../../images/500px_cc0/images/302137935_Cherry_Blossom.jpg
0.039266285,0.28214866,0.6785851,../../../images/500px_cc0/images/260395297_cyanus_segetum.jpg
0.30354428,0.4798964,0.21655937,../../../images/500px_cc0/images/208819201_Let_me_never_imagine_I_am_something..jpg
0.06122703,0.7027615,0.23601149,../../../images/500px_cc0/images/130002537_Park.jpg
0.48278585,0.22698279,0.29023135,../../../images/500px_cc0/images/194697987_Family.jpg
0.3224189,0.5046863,0.17289487,../../../images/500px_cc0/images/130002607_Sky.jpg
0.06684608,0.3127419,0.620412,../../../images/500px_cc0/images/149163029_Pygmy_Iris_Apro_noszirom_Iris_pumila.jpg
0.28834543,0.23085642,0.48079818,../../../images/500px_cc0/images/122238161_something.jpg
0.4967941,0.26620236,0.23700356,../../../images/500px_cc0/images/79225885_green_grasshopper.jpg
0.24318624,0.41960883,0.33720496,../../../images/500px_cc0/images/246333743_.jpg
0.047919765,0.8081438,0.1439364,../../../images/500px_cc0/images/211975699_rocks_to_climb.jpg
0.26148975,0.42713457,0.31137568,../../../images/500px_cc0/images/225428903_6_51_PM.jpg
0.35352293,0.15030919,0.4961678,../../../images/500px_cc0/images/107284033_Center_parcs.jpg
0.69570524,0.08304416,0.2212506,../../../images/500px_cc0/images/269063663_The_sleeping_beauty_photo-manipulation.jpg
0.41880888,0.24250586,0.33868527,../../../images/500px_cc0/images/252755949_It_comes.jpg
0.2651393,0.39069664,0.34416398,../../../images/500px_cc0/images/85841637_j.jpg
0.41765344,0.25145096,0.3308955,../../../images/500px_cc0/images/200479769_Mark.jpg
0.26185358,0.55923134,0.17891507,../../../images/500px_cc0/images/79030825_MM17B-0807_Rettilineo.jpg
0.10464685,0.3325428,0.5628103,../../../images/500px_cc0/images/223595995_Rocks_and_Blue.jpg
0.034836683,0.81918055,0.14598274,../../../images/500px_cc0/images/78892113_Valkenswaard.jpg
0.45643505,0.14288056,0.40068442,../../../images/500px_cc0/images/135558441_Pizza.jpg
0.88849086,0.09616928,0.015339846,../../../images/500px_cc0/images/130003073_Old_plane.jpg
0.070330545,0.33549517,0.59417427,../../../images/500px_cc0/images/1011015217_Anemone-.jpg
0.09658574,0.2239674,0.6794468,../../../images/500px_cc0/images/130002571_View.jpg
0.27858254,0.5714809,0.14993662,../../../images/500px_cc0/images/139398057_Snow-PicLiberum_com_0011.jpg
0.18370618,0.5404142,0.27587962,../../../images/500px_cc0/images/78892111_Deventer.jpg
0.11658292,0.45910165,0.42431545,../../../images/500px_cc0/images/240030093_Image_1_18_1_2_copy.jpg
0.20095241,0.27684018,0.5222074,../../../images/500px_cc0/images/223545123_Untitled.jpg
0.15205257,0.38452458,0.46342286,../../../images/500px_cc0/images/238116245_Bratwurst.jpg
0.24451861,0.26586276,0.48961866,../../../images/500px_cc0/images/223545133_Untitled.jpg
0.23079582,0.5137309,0.25547335,../../../images/500px_cc0/images/179537679_coffee_and_tea_and_film.jpg
0.40432733,0.32965848,0.26601428,../../../images/500px_cc0/images/200230489_Mark.jpg
0.21021885,0.27010185,0.51967937,../../../images/500px_cc0/images/79226115_Nematobrycon_palmeri.jpg
0.34260333,0.15415801,0.5032387,../../../images/500px_cc0/images/252376423_Blackjack_in_der_aufregenden_Welt_der_Film-und_Spielhelden.jpg
0.19652292,0.34499097,0.45848608,../../../images/500px_cc0/images/265815759_Blue_blossom.jpg
0.2676517,0.40721548,0.32513282,../../../images/500px_cc0/images/146001191_Sarlos_baberpafrany_Cyrtomium_falcatum_House_holly-fern_or_Japanese_holly_fern.jpg
0.4401164,0.42185137,0.13803221,../../../images/500px_cc0/images/205689063_please_be_quiet.jpg
0.44625583,0.418104,0.1356403,../../../images/500px_cc0/images/291131203_Ancient_Clock_wind_Tower_of_Andronikos.jpg
0.16620861,0.29280168,0.54098976,../../../images/500px_cc0/images/116213163_Tagetes.jpg
0.21005788,0.40674606,0.3831961,../../../images/500px_cc0/images/148674963_How_could_a_wise_man_sincerely_believe_that_the_formless_Existence_is_affected_by_forms?.jpg
0.21428299,0.42294252,0.3627745,../../../images/500px_cc0/images/181321917_Mark_in_the_city.jpg
0.6245453,0.19385101,0.18160373,../../../images/500px_cc0/images/223768047_Light_and_Shadow.jpg
0.43536517,0.27539772,0.28923717,../../../images/500px_cc0/images/112540029_2-Euro.jpg
0.1262825,0.5648135,0.30890396,../../../images/500px_cc0/images/287765263_Bring_the_Light.jpg
0.056112695,0.30891773,0.63496953,../../../images/500px_cc0/images/260200183_bee_on_gilia_capitata.jpg
0.55033207,0.18968128,0.25998664,../../../images/500px_cc0/images/246435479_IMG.jpg
0.6935539,0.22226143,0.08418467,../../../images/500px_cc0/images/100327907_some_days_in_winter.jpg
0.69192386,0.1873558,0.120720364,"../../../images/500px_cc0/images/287661197_Art_in_Cities,_Athens,_Greece-CC0_Royalty_free.jpg"
0.08412954,0.22468075,0.69118977,../../../images/500px_cc0/images/139228681_Leaf-PicLiberum.com_0003.jpg
0.51894945,0.17022637,0.31082425,../../../images/500px_cc0/images/286547725_Greek_Graffiti_noRape_noGirlRape.jpg
0.12904178,0.36388704,0.5070712,../../../images/500px_cc0/images/289002539_graffiti.jpg
0.5227312,0.3659021,0.11136668,../../../images/500px_cc0/images/198969039_rain.jpg
0.08327483,0.20459609,0.7121291,../../../images/500px_cc0/images/220028869_Sunset.jpg
0.15482524,0.5493783,0.29579648,../../../images/500px_cc0/images/244984497_striped.jpg
0.47894365,0.40786174,0.11319453,../../../images/500px_cc0/images/219813943_Dead_Guardian.jpg
0.15136306,0.36855724,0.48007962,../../../images/500px_cc0/images/231554495_green_tomatoes.jpg
0.04518016,0.7880236,0.16679625,../../../images/500px_cc0/images/84886855_Canadian_Silver.jpg
0.16717985,0.42569047,0.40712965,../../../images/500px_cc0/images/219870271_Balaton.jpg
0.4554812,0.31904402,0.22547479,../../../images/500px_cc0/images/287755583_Human_Catastrophic_Dominion.jpg
0.11946027,0.32861584,0.5519239,../../../images/500px_cc0/images/80515617_Center_Parcs-De_Kempervennen.jpg
0.36179447,0.26571682,0.37248874,../../../images/500px_cc0/images/177177433_lone_tree.jpg
0.09785417,0.44184297,0.46030286,../../../images/500px_cc0/images/223329847_virginia_creeper.jpg
0.37400705,0.34243262,0.28356028,../../../images/500px_cc0/images/258824099_Gilia_tricolor.jpg
0.3551991,0.13545479,0.50934607,../../../images/500px_cc0/images/78781399_Nematobrycon_palmeri.jpg
0.19833592,0.2286325,0.57303166,../../../images/500px_cc0/images/78786583_Hygrophila_polysperma.jpg
0.38371202,0.23669936,0.3795886,../../../images/500px_cc0/images/212179907_her.jpg
0.41140532,0.3089521,0.27964258,../../../images/500px_cc0/images/130002695_Sparks.jpg
0.0697579,0.5095198,0.42072228,../../../images/500px_cc0/images/1011015162_Anemone-.jpg
0.14832954,0.5743034,0.27736706,../../../images/500px_cc0/images/85841635_Untitled.jpg
0.5272588,0.2650493,0.20769192,"../../../images/500px_cc0/images/287661253_Art_in_Cities,_Athens,_Greece-CC0_Royalty_free.jpg"
0.09294602,0.23630443,0.6707495,../../../images/500px_cc0/images/130002305_Sea.jpg
0.30912074,0.42115203,0.26972723,"../../../images/500px_cc0/images/287660881_Art_in_Cities,_Athens,_Greece-CC0_Royalty_free.jpg"
0.43302223,0.42823067,0.13874711,../../../images/500px_cc0/images/195782991_symmetry.jpg
0.17863542,0.5083882,0.3129763,../../../images/500px_cc0/images/253118977_sunset_over_BUD.jpg
0.19013034,0.54424375,0.26562586,../../../images/500px_cc0/images/147598739_ivy_on_fence.jpg
0.27653816,0.23735628,0.48610562,../../../images/500px_cc0/images/170149583_1_1_=_3.jpg
0.21546197,0.62998015,0.15455793,../../../images/500px_cc0/images/139398055_Mermaid-PicLiberum_com_0010.jpg
0.19479498,0.5047826,0.3004224,../../../images/500px_cc0/images/139253069_Bridge-PicLiberum_com_0007.jpg
0.3642046,0.3750365,0.26075885,../../../images/500px_cc0/images/286547675_Greek_Graffiti_noRape_noGirlRape.jpg
0.46880946,0.32121313,0.20997742,../../../images/500px_cc0/images/252756875_cornflower_seeds.jpg
0.42059729,0.5454607,0.03394197,../../../images/500px_cc0/images/174489205_Keresztespok_Cross_Orbweaver.jpg
0.04132376,0.14877519,0.809901,../../../images/500px_cc0/images/111241589_Tagetes.jpg
0.18777245,0.28368163,0.5285459,../../../images/500px_cc0/images/163075841_train_yourself_to_see_god_in_everything.jpg
0.05257315,0.5664063,0.38102052,../../../images/500px_cc0/images/207143029_MM00A-1704_LEX_CAR_URB_G6.jpg
0.41801152,0.46923244,0.11275612,../../../images/500px_cc0/images/112540127_something_with_alot_of_legs.jpg
0.20768592,0.525771,0.26654312,../../../images/500px_cc0/images/130002301_Boats.jpg
0.3250452,0.5015245,0.17343035,../../../images/500px_cc0/images/130002939_Relaxing.jpg
0.1778643,0.43847454,0.38366115,../../../images/500px_cc0/images/233459315_Behind_the_believer_is_a_reality.jpg
0.18599424,0.5190667,0.29493907,../../../images/500px_cc0/images/139228685_Icy-PicLiberum.com_0005.jpg
0.078431085,0.2320665,0.6895024,../../../images/500px_cc0/images/1011015218_Anemone-.jpg
0.18380554,0.27771637,0.53847814,../../../images/500px_cc0/images/265472269_bee.jpg
0.14021856,0.28645295,0.5733285,../../../images/aadb/images/farm1_286_19998340455_4629caa4ca_b.jpg
0.15048745,0.40797168,0.44154087,../../../images/aadb/images/farm1_306_20170706135_257c54aa95_b.jpg
0.117057465,0.46461743,0.41832513,../../../images/aadb/images/farm1_535_20128319006_de0a05376f_b.jpg
0.05219278,0.32791367,0.61989355,../../../images/aadb/images/farm1_453_19986871390_9188e09831_b.jpg
0.4003505,0.4543762,0.14527322,../../../images/aadb/images/farm1_329_19805177820_797174ca4c_b.jpg
0.3563164,0.33722728,0.30645633,../../../images/aadb/images/farm1_380_20103549952_74645fb33e_b.jpg
0.5570882,0.3183041,0.124607705,../../../images/aadb/images/farm1_392_20116153865_096e564d90_b.jpg
0.121951215,0.2756103,0.60243845,../../../images/aadb/images/farm1_263_20317768422_4a8537aff4_b.jpg
0.2871685,0.38899308,0.32383838,../../../images/aadb/images/farm1_356_20254094322_628ccf5c08_b.jpg
0.35658565,0.49670893,0.14670546,../../../images/aadb/images/farm1_342_20193681471_223d834818_b.jpg
0.20988993,0.18287,0.60724,../../../images/aadb/images/farm1_393_20075234966_70e5027248_b.jpg
0.13794582,0.3897537,0.4723006,../../../images/aadb/images/farm1_315_20087406900_266a4da72a_b.jpg
0.14559785,0.44370887,0.4106933,../../../images/aadb/images/farm1_283_20279460231_e5a417129d_b.jpg
0.17082392,0.50348395,0.32569215,../../../images/aadb/images/farm1_345_20142951888_f2b0526362_b.jpg
0.21554846,0.3194103,0.46504128,../../../images/aadb/images/farm1_375_20274692905_a564199b2b_b.jpg
0.42351925,0.37449026,0.20199049,../../../images/aadb/images/farm1_471_19449545644_8e7c127828_b.jpg
0.2384722,0.33796662,0.42356113,../../../images/aadb/images/farm4_3690_20155850165_68afe0b24d_b.jpg
0.18439828,0.3940248,0.4215769,../../../images/aadb/images/farm1_351_20168618246_3b80c8a1ec_b.jpg
0.44419742,0.14058113,0.41522145,../../../images/aadb/images/farm1_280_20093792980_f50c7a0843_b.jpg
0.36874235,0.43848193,0.19277582,../../../images/aadb/images/farm1_291_20280614061_476d44a107_b.jpg
0.16013639,0.683264,0.15659957,../../../images/aadb/images/farm4_3678_19808482618_19725e36b9_b.jpg
0.40782282,0.2547814,0.33739573,../../../images/aadb/images/farm1_290_19802576129_70fec5a254_b.jpg
0.30648544,0.49659935,0.19691521,../../../images/aadb/images/farm4_3683_20129520191_ca36630f94_b.jpg
0.05248447,0.44144312,0.5060724,../../../images/aadb/images/farm1_324_20181408545_d4c68ea39b_b.jpg
0.055689838,0.39030474,0.55400544,../../../images/aadb/images/farm1_431_20189822091_6aa7d58d18_b.jpg
0.22686492,0.53931016,0.23382485,../../../images/aadb/images/farm1_259_19904572149_5e703aba8f_b.jpg
0.06514192,0.23096128,0.7038968,../../../images/aadb/images/farm1_265_19374350573_605ed03e40_b.jpg
0.15916255,0.31030324,0.5305342,../../../images/aadb/images/farm1_346_20104494812_a9031d331a_b.jpg
0.14779331,0.5739486,0.27825806,../../../images/aadb/images/farm1_402_20186695415_eb1cfdb28c_b.jpg
0.079946995,0.24470532,0.6753476,../../../images/aadb/images/farm1_561_19795891099_319a4ff595_b.jpg
0.14454597,0.30982044,0.5456336,../../../images/aadb/images/farm1_344_20256880402_f9749a5c67_b.jpg
0.14811483,0.35644078,0.49544442,../../../images/aadb/images/farm1_351_19590339854_d2a324916b_b.jpg
0.31197095,0.2738523,0.41417673,../../../images/aadb/images/farm1_353_20065672326_fea4ccbb04_b.jpg
0.042844,0.3717881,0.58536786,../../../images/aadb/images/farm1_357_20094651972_f1d33dbfb7_b.jpg
0.32897112,0.45721665,0.21381223,../../../images/aadb/images/farm1_369_20189147701_623e9014e0_b.jpg
0.36542517,0.31921858,0.3153563,../../../images/aadb/images/farm1_367_19986592222_8d16558f5c_b.jpg
0.25034297,0.5366898,0.2129673,../../../images/aadb/images/farm1_367_20204921381_2e6425892d_b.jpg
0.5467292,0.35723534,0.096035466,../../../images/aadb/images/farm1_336_20161142751_c10d128c7d_b.jpg
0.16701381,0.13237692,0.70060927,../../../images/aadb/images/farm1_276_19487779654_93e8643942_b.jpg
0.13892712,0.45895952,0.40211335,../../../images/aadb/images/farm4_3834_20201553675_ce84dd04c1_b.jpg
0.35131672,0.46318904,0.18549426,../../../images/aadb/images/farm1_333_19457197953_5b85456980_b.jpg
0.18583076,0.23262121,0.58154804,../../../images/aadb/images/farm1_350_19581444864_f9a7cc3c8a_b.jpg
0.19752401,0.44914642,0.35332954,../../../images/aadb/images/farm1_338_19913265879_1463dc981f_b.jpg
0.011637292,0.20307912,0.78528357,../../../images/aadb/images/farm1_301_19659786384_c86c7e1f30_b.jpg
0.047798876,0.26136974,0.69083136,../../../images/aadb/images/farm1_278_19567747883_b92c094c42_b.jpg
0.1072537,0.52766085,0.36508536,../../../images/aadb/images/farm1_291_20127082956_3e23d26595_b.jpg
0.3956913,0.31174153,0.29256722,../../../images/aadb/images/farm1_261_20146436149_3e05c72bc3_b.jpg
0.08093638,0.56844217,0.35062146,../../../images/aadb/images/farm1_392_19561367224_130222cde8_b.jpg
0.26666287,0.47946647,0.2538707,../../../images/aadb/images/farm1_259_19991817930_f00fc0becd_b.jpg
0.26855043,0.31311333,0.4183362,../../../images/aadb/images/farm1_371_20279219205_8d39743f20_b.jpg
0.30140635,0.4130872,0.28550646,../../../images/aadb/images/farm1_325_20017819769_2537eb5231_b.jpg
0.07082924,0.41056445,0.51860636,../../../images/aadb/images/farm1_317_20140860700_bacb841bf9_b.jpg
0.21088253,0.25077805,0.53833944,../../../images/aadb/images/farm1_355_20180456301_762ef742a2_b.jpg
0.1341713,0.62389684,0.24193184,../../../images/aadb/images/farm4_3679_19997101795_09efbe6736_b.jpg
0.14600208,0.3767392,0.47725868,../../../images/aadb/images/farm1_359_20299142256_f78a4d0f8a_b.jpg
0.27397183,0.50997704,0.2160512,../../../images/aadb/images/farm1_287_20077091498_a53049dca4_b.jpg
0.14707646,0.49891517,0.35400835,../../../images/aadb/images/farm1_281_20073785960_fa8320e40d_b.jpg
0.11145135,0.36828548,0.52026314,../../../images/aadb/images/farm1_322_20193542405_a828847c67_b.jpg
0.1336889,0.46213683,0.4041742,../../../images/aadb/images/farm1_297_19951672000_af582f2811_b.jpg
0.39182538,0.44824123,0.15993336,../../../images/aadb/images/farm1_310_20003076769_c811095fa0_b.jpg
0.26327816,0.24364619,0.49307564,../../../images/aadb/images/farm1_324_20177230262_5cb9e96a55_b.jpg
0.5468052,0.21445185,0.23874295,../../../images/aadb/images/farm1_388_19654344563_b4c75259f3_b.jpg
0.29533708,0.22592235,0.4787405,../../../images/aadb/images/farm1_263_19568286334_8d2ea52ce8_b.jpg
0.29432997,0.3898272,0.3158428,../../../images/aadb/images/farm1_363_19871337810_697c3ef9c2_b.jpg
0.24177161,0.33759138,0.420637,../../../images/aadb/images/farm1_301_20174123975_4660281e14_b.jpg
0.2437847,0.23969032,0.51652503,../../../images/aadb/images/farm4_3689_20331966965_5a7d52a28c_b.jpg
0.06210733,0.43235555,0.5055372,../../../images/aadb/images/farm1_350_19941025709_36f0052df4_b.jpg
0.21044014,0.44307148,0.34648833,../../../images/aadb/images/farm4_3668_19649625284_f439568559_b.jpg
0.45160377,0.1492157,0.39918047,../../../images/aadb/images/farm1_355_20167773412_57c4c8c921_b.jpg
0.092769854,0.42565906,0.48157108,../../../images/aadb/images/farm1_527_19534187673_2cc822690b_b.jpg
0.11594566,0.50464,0.3794143,../../../images/aadb/images/farm4_3688_19800333138_5a2c799e82_b.jpg
0.19779816,0.6323813,0.16982052,../../../images/aadb/images/farm1_285_20100530039_2b24248337_b.jpg
0.08353612,0.25297233,0.66349155,../../../images/aadb/images/farm1_261_19989471851_d7e99475e8_b.jpg
0.23600829,0.44194046,0.32205126,../../../images/aadb/images/farm1_289_20023267860_b2fbe84818_b.jpg
0.16707253,0.4657266,0.36720094,../../../images/aadb/images/farm1_319_20093364669_bd566b2039_b.jpg
0.0654806,0.4910919,0.44342747,../../../images/aadb/images/farm1_279_20103076952_2e7e2c1928_b.jpg
0.3442476,0.44630244,0.20944992,../../../images/aadb/images/farm1_314_20304197496_d474a48c98_b.jpg
0.06627039,0.6781195,0.2556101,../../../images/aadb/images/farm1_261_20113393892_c98ea4f869_b.jpg
0.12248077,0.49850607,0.37901318,../../../images/aadb/images/farm1_389_20011898609_37733ee9b3_b.jpg
0.11896287,0.3093274,0.5717097,../../../images/aadb/images/farm1_298_20193612992_a48f3f9182_b.jpg
0.39010394,0.30641174,0.30348435,../../../images/aadb/images/farm1_322_19448580494_77b3ae1257_b.jpg
0.70059687,0.25685278,0.042550344,../../../images/aadb/images/farm1_290_20173238352_7e4022db65_b.jpg
0.51676905,0.1816215,0.30160946,../../../images/aadb/images/farm1_279_19554444633_0e644b508a_b.jpg
0.21786101,0.5235153,0.25862378,../../../images/aadb/images/farm1_327_19555183573_4deb0f52f3_b.jpg
0.12334969,0.74723834,0.12941203,../../../images/aadb/images/farm1_451_19977602990_fd81f29e46_b.jpg
0.088923365,0.42877522,0.48230138,../../../images/aadb/images/farm1_357_20270116805_36f8cc0e44_b.jpg
0.19357319,0.3104044,0.4960224,../../../images/aadb/images/farm1_297_20184569842_07504838e2_b.jpg
0.04420912,0.1752714,0.7805195,../../../images/aadb/images/farm1_350_20017252500_d2eb119a96_b.jpg
0.08881388,0.25710684,0.65407926,../../../images/aadb/images/farm1_384_19910142928_d83bca48a8_b.jpg
0.25281692,0.44854826,0.2986348,../../../images/aadb/images/farm1_302_20008307639_18ab5937b6_b.jpg
0.039347064,0.30941844,0.6512345,../../../images/aadb/images/farm4_3675_19534648023_6b02413da6_b.jpg
0.83127683,0.15490194,0.013821191,../../../images/aadb/images/farm1_392_19489099813_d3e00cd5bb_b.jpg
0.019247036,0.5384864,0.44226658,../../../images/aadb/images/farm1_304_20171662422_a9e902c847_b.jpg
0.11391747,0.3120643,0.5740183,../../../images/aadb/images/farm1_351_20093609982_2ac03ea71f_b.jpg
0.26291707,0.1835798,0.5535031,../../../images/aadb/images/farm1_392_19806980609_a644a42a87_b.jpg
0.14074601,0.5090812,0.35017276,../../../images/aadb/images/farm1_340_19965231320_a2f30be891_b.jpg
0.13081406,0.565494,0.30369192,../../../images/aadb/images/farm1_287_19369653073_174e43769e_b.jpg
0.08645466,0.27819958,0.63534576,../../../images/aadb/images/farm1_390_19884690949_ffa3931be6_b.jpg
0.08314652,0.38708043,0.52977306,../../../images/aadb/images/farm1_380_19903254428_ce1c8a7865_b.jpg
0.14367186,0.39258832,0.4637398,../../../images/aadb/images/farm4_3760_19581707063_411fc9e8e6_b.jpg
0.23498648,0.5661774,0.19883607,../../../images/aadb/images/farm1_377_20109921162_9abce944bb_b.jpg
0.14262873,0.3655565,0.49181482,../../../images/aadb/images/farm1_329_20186252575_79ddb60286_b.jpg
0.18933792,0.38976306,0.420899,../../../images/aadb/images/farm1_303_20084580408_3b9027309e_b.jpg
0.49750602,0.18094978,0.3215443,../../../images/aadb/images/farm1_306_20079266780_e15cfa29d0_b.jpg
0.1774197,0.3740451,0.4485351,../../../images/aadb/images/farm1_343_20005991269_04c83d3d37_b.jpg
0.09393868,0.435195,0.47086632,../../../images/aadb/images/farm1_393_20270521432_cdcaf0f6fe_b.jpg
0.4053739,0.25431427,0.34031188,../../../images/aadb/images/farm1_290_20339414661_68ed81a322_b.jpg
0.08066,0.4906855,0.42865455,../../../images/aadb/images/farm1_257_20145308899_8fecab3706_b.jpg
0.5002013,0.20569792,0.29410076,../../../images/aadb/images/farm1_262_19974619602_f352b74c03_b.jpg
0.23934373,0.54991716,0.2107391,../../../images/aadb/images/farm1_286_20176085962_75c7d0de96_b.jpg
0.18562791,0.24585934,0.56851274,../../../images/aadb/images/farm1_374_20088211688_db3d4e9c2e_b.jpg
0.15862693,0.27955043,0.56182265,../../../images/aadb/images/farm1_331_20160295456_4d32161028_b.jpg
0.13795404,0.33766454,0.52438146,../../../images/aadb/images/farm1_384_20168905551_3f2644a9b9_b.jpg
0.2276244,0.33473554,0.43764007,../../../images/aadb/images/farm1_355_20145666190_42aa843713_b.jpg
0.15065189,0.41660556,0.4327425,../../../images/aadb/images/farm1_265_20088446640_8b482ec6aa_b.jpg
0.08156258,0.225959,0.6924784,../../../images/aadb/images/farm1_390_20183771975_d930506da8_b.jpg
0.22182357,0.73933184,0.03884455,../../../images/aadb/images/farm1_262_20175426302_d85a79d75d_b.jpg
0.2795081,0.4303245,0.29016733,../../../images/aadb/images/farm1_415_19512852113_76daf0e211_b.jpg
0.080459625,0.5293367,0.3902036,../../../images/aadb/images/farm1_333_19966994608_ddcfbd68ac_b.jpg
0.18115827,0.39115614,0.42768553,../../../images/aadb/images/farm1_559_20288394741_ed9034e07f_b.jpg
0.63399214,0.12881923,0.2371886,../../../images/aadb/images/farm1_284_19910128878_9de0648e36_b.jpg
0.735443,0.1720777,0.09247927,../../../images/aadb/images/farm1_546_19894951500_a19ce7092d_b.jpg
0.35848382,0.32354176,0.31797442,../../../images/aadb/images/farm1_268_19457890593_9683dcac05_b.jpg
0.08516746,0.3655547,0.5492778,../../../images/aadb/images/farm1_459_20126431126_0e5284a75e_b.jpg
0.03306656,0.6339132,0.33302018,../../../images/aadb/images/farm1_507_20180585645_faaf3719c3_b.jpg
0.37067008,0.33099726,0.29833266,../../../images/aadb/images/farm1_330_19987511871_12c1fb96b5_b.jpg
0.17163222,0.35681257,0.47155526,../../../images/aadb/images/farm1_371_20160056341_dcd996239d_b.jpg
0.15461415,0.58056784,0.26481804,../../../images/aadb/images/farm1_551_19542178634_a28b694bb3_b.jpg
0.46396327,0.46481597,0.071220785,../../../images/aadb/images/farm1_515_19911839200_aed2397008_b.jpg
0.3281745,0.2055647,0.46626085,../../../images/aadb/images/farm4_3745_20008422870_9fe1b607ac_b.jpg
0.2885028,0.43645826,0.27503893,../../../images/aadb/images/farm1_340_20079599366_09404860f8_b.jpg
0.2549531,0.33669114,0.4083558,../../../images/aadb/images/farm1_336_19484264004_c3b5dd4eae_b.jpg
0.11011151,0.59711313,0.2927754,../../../images/aadb/images/farm1_302_19372128533_281fea7e2e_b.jpg
0.15910262,0.32182893,0.5190684,../../../images/aadb/images/farm1_352_20188180465_5a976e168d_b.jpg
0.08719119,0.2396461,0.67316276,../../../images/aadb/images/farm1_388_20187671205_871dd0eb2e_b.jpg
0.023536947,0.905992,0.07047108,../../../images/aadb/images/farm1_396_19799722028_50ee148942_b.jpg
0.18989608,0.35216197,0.45794195,../../../images/aadb/images/farm1_322_20071113392_6e05f37c1e_b.jpg
0.18496628,0.560793,0.25424075,../../../images/aadb/images/farm1_289_19532950774_54aa089edf_b.jpg
0.7059592,0.27299494,0.02104587,../../../images/aadb/images/farm1_277_20206656421_b1e3f2f84b_b.jpg
0.11133068,0.38074812,0.5079213,../../../images/aadb/images/farm1_452_19569923444_3496eb7988_b.jpg
0.13557856,0.6449189,0.21950255,../../../images/aadb/images/farm1_379_20074350248_d5968ab917_b.jpg
0.11353136,0.40299898,0.4834697,../../../images/aadb/images/farm1_418_19360171504_c2d719d827_b.jpg
0.1897263,0.45590895,0.35436472,../../../images/aadb/images/farm1_292_20207312211_2439362997_b.jpg
0.37610877,0.386407,0.23748422,../../../images/aadb/images/farm1_364_20016052950_d22173e508_b.jpg
0.21764863,0.4115045,0.3708469,../../../images/aadb/images/farm1_277_19979425359_f0211ca11b_b.jpg
0.25735778,0.2781849,0.46445742,../../../images/aadb/images/farm1_419_19706412744_24bee0c9d0_b.jpg
0.30414668,0.43101022,0.26484302,../../../images/aadb/images/farm1_339_20086253882_d50bac6236_b.jpg
0.36830425,0.42809469,0.203601,../../../images/aadb/images/farm1_377_19533066754_5a45600dfc_b.jpg
0.050752178,0.42996842,0.5192794,../../../images/aadb/images/farm1_399_19971092260_7053a35a7d_b.jpg
0.14417842,0.3694159,0.48640576,../../../images/aadb/images/farm1_279_19582617234_4272f2bafc_b.jpg
0.17537525,0.5152673,0.30935746,../../../images/aadb/images/farm1_449_19456397864_d74f909b3b_b.jpg
0.30811572,0.32770553,0.3641787,../../../images/aadb/images/farm1_396_20111865761_0af5a120d9_b.jpg
0.34959105,0.5957647,0.05464414,../../../images/aadb/images/farm1_264_20170485081_e00f7f442f_b.jpg
0.1713582,0.1114956,0.71714616,../../../images/aadb/images/farm1_486_20002923240_770ed2f527_b.jpg
0.03590688,0.677329,0.2867641,../../../images/aadb/images/farm4_3683_20192974221_7b0f05c009_b.jpg
0.15945353,0.4785192,0.36202723,../../../images/aadb/images/farm1_411_20147625392_b9af7bf64e_b.jpg
0.1231875,0.7407532,0.13605937,../../../images/aadb/images/farm1_330_19988832649_ba5a1d5c05_b.jpg
0.405739,0.5420689,0.05219214,../../../images/aadb/images/farm1_371_19705832873_8be4c91468_b.jpg
0.082801,0.3689907,0.5482083,../../../images/aadb/images/farm1_361_19926485388_d1c225bf5b_b.jpg
0.06676117,0.33861625,0.59462255,../../../images/aadb/images/farm1_450_19988427855_4dfb95d330_b.jpg
0.19471884,0.39650282,0.40877828,../../../images/aadb/images/farm1_332_19710092703_307581375f_b.jpg
0.41749397,0.4038054,0.1787006,../../../images/aadb/images/farm1_358_19552188594_ac3e5ddcb2_b.jpg
0.33850852,0.4402458,0.22124566,../../../images/aadb/images/farm4_3739_20267821945_b7014d86b8_b.jpg
0.5304319,0.14760974,0.32195833,../../../images/aadb/images/farm1_315_20204436725_4276fa3844_b.jpg
0.06981113,0.5520231,0.3781658,../../../images/aadb/images/farm1_448_19640864133_073fff089d_b.jpg
0.10876708,0.7327358,0.15849714,../../../images/aadb/images/farm1_331_20202921751_e7376ef0e5_b.jpg
0.21913618,0.23307854,0.5477853,../../../images/aadb/images/farm1_323_20261406715_b27f6464c8_b.jpg
0.18712166,0.42882004,0.3840583,../../../images/aadb/images/farm1_265_19975251408_eb64f15d0c_b.jpg
0.5308475,0.3825881,0.08656434,../../../images/aadb/images/farm1_423_19460358423_ac899734a4_b.jpg
0.28175622,0.3370884,0.38115534,../../../images/aadb/images/farm1_511_19810567668_e61278e0a7_b.jpg
0.22073123,0.39946383,0.37980494,../../../images/aadb/images/farm1_560_20011150378_724ab1045a_b.jpg
0.045214474,0.5735496,0.38123587,../../../images/aadb/images/farm1_296_19544564444_acd117c7fb_b.jpg
0.14114417,0.10422044,0.75463533,../../../images/aadb/images/farm1_382_20022242120_0274c90611_b.jpg
0.2704061,0.2506432,0.47895077,../../../images/aadb/images/farm4_3826_20002905928_541dcc788c_b.jpg
0.18859889,0.19718795,0.61421317,../../../images/aadb/images/farm1_409_20194505182_911d5806b9_b.jpg
0.27558094,0.53828454,0.18613455,../../../images/aadb/images/farm1_319_20184326042_559072e14e_b.jpg
0.15332629,0.37913752,0.46753618,../../../images/aadb/images/farm1_348_19532915394_07c0aaa27a_b.jpg
0.094221205,0.8141269,0.091651924,../../../images/aadb/images/farm1_324_20148090636_774c7baec6_b.jpg
0.33028913,0.43978414,0.2299267,../../../images/aadb/images/farm1_348_19985779509_7054a983b3_b.jpg
0.5303853,0.318337,0.15127775,../../../images/aadb/images/farm1_329_19978514652_20d035497f_b.jpg
0.24782832,0.20818658,0.54398507,../../../images/aadb/images/farm1_270_19956408818_c1bf3e4a90_b.jpg
0.5917746,0.1845817,0.22364368,../../../images/aadb/images/farm1_433_19500747453_186d5a2421_b.jpg
0.341886,0.16833492,0.48977903,../../../images/aadb/images/farm1_256_20108408355_7235405d1d_b.jpg
0.26429865,0.44184494,0.29385653,../../../images/ava/images/817933.jpg
0.3983461,0.19160362,0.41005024,../../../images/ava/images/123510.jpg
0.19844025,0.1896092,0.6119506,../../../images/ava/images/8577.jpg
0.34136158,0.31959724,0.33904117,../../../images/ava/images/829803.jpg
0.0879615,0.43308705,0.47895148,../../../images/ava/images/820679.jpg
0.23118678,0.5141774,0.2546358,../../../images/ava/images/830404.jpg
0.36675772,0.2591288,0.37411347,../../../images/ava/images/786793.jpg
0.22519463,0.25559282,0.5192125,../../../images/ava/images/556732.jpg
0.2853173,0.24595772,0.46872506,../../../images/ava/images/867395.jpg
0.33060756,0.38765022,0.28174227,../../../images/ava/images/348886.jpg
0.6542778,0.083269596,0.26245266,../../../images/ava/images/4311.jpg
0.15178628,0.57636106,0.27185264,../../../images/ava/images/775306.jpg
0.13160223,0.48328936,0.38510844,../../../images/ava/images/820923.jpg
0.13225219,0.51839906,0.34934878,../../../images/ava/images/6358.jpg
0.18606968,0.45906737,0.35486296,../../../images/ava/images/579488.jpg
0.9680122,0.029400734,0.002587109,../../../images/ava/images/13122.jpg
0.43817532,0.2722884,0.28953624,../../../images/ava/images/177393.jpg
0.3931665,0.48678815,0.12004529,../../../images/ava/images/936232.jpg
0.45011154,0.24191266,0.30797574,../../../images/ava/images/685212.jpg
0.029294036,0.49161398,0.47909197,../../../images/ava/images/316563.jpg
0.7186961,0.20391719,0.07738672,../../../images/ava/images/16080.jpg
0.32977477,0.4540966,0.21612865,../../../images/ava/images/750175.jpg
0.18050697,0.40668735,0.41280565,../../../images/ava/images/220992.jpg
0.45645338,0.44678432,0.09676227,../../../images/ava/images/620881.jpg
0.47642156,0.16106364,0.36251476,../../../images/ava/images/59700.jpg
0.34736753,0.29849267,0.35413978,../../../images/ava/images/197602.jpg
0.13157222,0.32025084,0.54817694,../../../images/ava/images/311199.jpg
0.07310905,0.5931141,0.33377692,../../../images/ava/images/620831.jpg
0.13203563,0.4158165,0.4521479,../../../images/ava/images/190590.jpg
0.11316644,0.4533141,0.43351945,../../../images/ava/images/830583.jpg
0.6338334,0.2583456,0.107820965,../../../images/ava/images/761466.jpg
0.142591,0.19339134,0.6640177,../../../images/ava/images/946448.jpg
0.0871588,0.663097,0.24974415,../../../images/ava/images/792513.jpg
0.38711628,0.4598221,0.15306164,../../../images/ava/images/127546.jpg
0.49638674,0.34594607,0.1576672,../../../images/ava/images/671516.jpg
0.412191,0.28101394,0.306795,../../../images/ava/images/920450.jpg
0.30588773,0.22305818,0.47105417,../../../images/ava/images/776337.jpg
0.20438348,0.16786283,0.6277537,../../../images/ava/images/5195.jpg
0.11848592,0.6679182,0.21359591,../../../images/ava/images/9538.jpg
0.3662598,0.16179495,0.47194526,../../../images/ava/images/949475.jpg
0.3054596,0.44306317,0.25147727,../../../images/ava/images/579832.jpg
0.036145337,0.5971401,0.3667146,../../../images/ava/images/387352.jpg
0.2613036,0.41471004,0.32398635,../../../images/ava/images/425847.jpg
0.38077614,0.3232423,0.29598156,../../../images/ava/images/262335.jpg
0.46028987,0.23683484,0.30287522,../../../images/ava/images/909647.jpg
0.36165065,0.39768472,0.24066466,../../../images/ava/images/793134.jpg
0.119401805,0.51705754,0.36354068,../../../images/ava/images/81906.jpg
0.65677184,0.1809485,0.16227959,../../../images/ava/images/533983.jpg
0.2034049,0.13405928,0.66253585,../../../images/ava/images/239531.jpg
0.37245774,0.35724077,0.27030152,../../../images/ava/images/211469.jpg
0.18162636,0.49279222,0.32558137,../../../images/ava/images/326123.jpg
0.10506061,0.6060832,0.28885618,../../../images/ava/images/54542.jpg
0.11708639,0.7623952,0.12051833,../../../images/ava/images/300680.jpg
0.13588254,0.6732618,0.19085564,../../../images/ava/images/334276.jpg
0.41481763,0.3310117,0.25417063,../../../images/ava/images/252554.jpg
0.061526597,0.5577601,0.3807133,../../../images/ava/images/198956.jpg
0.1027314,0.4810931,0.41617548,../../../images/ava/images/727495.jpg
0.0883989,0.52505434,0.38654673,../../../images/ava/images/45312.jpg
0.3112524,0.38480657,0.30394104,../../../images/ava/images/16770.jpg
0.11193735,0.37924388,0.50881875,../../../images/ava/images/380844.jpg
0.47747862,0.4677695,0.054751858,../../../images/ava/images/234504.jpg
0.32104418,0.27594903,0.40300673,../../../images/ava/images/255241.jpg
0.59959036,0.23870674,0.16170289,../../../images/ava/images/883453.jpg
0.13793223,0.44942868,0.41263905,../../../images/ava/images/625519.jpg
0.11872547,0.46601343,0.4152611,../../../images/ava/images/306874.jpg
0.24344358,0.3633145,0.39324194,../../../images/ava/images/638912.jpg
0.21841809,0.6595022,0.122079745,../../../images/ava/images/502062.jpg
0.47348133,0.33180523,0.1947135,../../../images/ava/images/480318.jpg
0.12744063,0.2280634,0.6444959,../../../images/ava/images/327615.jpg
0.41824386,0.3493135,0.23244262,../../../images/ava/images/471362.jpg
0.20257239,0.47787592,0.31955168,../../../images/ava/images/362908.jpg
0.26266927,0.3948683,0.34246236,../../../images/ava/images/778833.jpg
0.20030946,0.36795235,0.43173823,../../../images/ava/images/284836.jpg
0.116248064,0.46857375,0.4151781,../../../images/ava/images/38857.jpg
0.20608473,0.5904985,0.20341669,../../../images/ava/images/604387.jpg
0.29869083,0.2862449,0.41506433,../../../images/ava/images/689702.jpg
0.19425872,0.5219249,0.28381637,../../../images/ava/images/676133.jpg
0.6458421,0.20366722,0.1504906,../../../images/ava/images/29598.jpg
0.028220646,0.7595057,0.21227375,../../../images/ava/images/534049.jpg
0.24609381,0.44896638,0.30493984,../../../images/ava/images/911086.jpg
0.16900359,0.28169498,0.5493014,../../../images/ava/images/143760.jpg
0.061474618,0.79891944,0.13960586,../../../images/ava/images/605727.jpg
0.26931527,0.40587717,0.32480758,../../../images/ava/images/638383.jpg
0.053741787,0.61469126,0.3315669,../../../images/ava/images/865047.jpg
0.16902798,0.53711057,0.29386148,../../../images/ava/images/80598.jpg
0.14726001,0.5333893,0.31935066,../../../images/ava/images/923050.jpg
0.43949428,0.29226947,0.26823625,../../../images/ava/images/598086.jpg
0.05018179,0.25318483,0.6966334,../../../images/ava/images/958117.jpg
0.40031904,0.27232912,0.32735184,../../../images/ava/images/89476.jpg
0.44625443,0.2637521,0.28999344,../../../images/ava/images/166567.jpg
0.018138548,0.6717113,0.31015003,../../../images/ava/images/671335.jpg
0.444305,0.3566694,0.19902569,../../../images/ava/images/816537.jpg
0.06986519,0.7259671,0.2041677,../../../images/ava/images/43085.jpg
0.49002147,0.3000867,0.2098918,../../../images/ava/images/19430.jpg
0.57736635,0.30680025,0.11583349,../../../images/ava/images/885566.jpg
0.11840106,0.5153783,0.3662207,../../../images/ava/images/734876.jpg
0.13397868,0.13438281,0.73163843,../../../images/ava/images/263151.jpg
0.2451895,0.35760295,0.3972076,../../../images/ava/images/852492.jpg
0.29724956,0.6020486,0.100701906,../../../images/ava/images/843468.jpg
0.53418547,0.14652467,0.31928977,../../../images/ava/images/178137.jpg
0.5459372,0.20096292,0.2530998,../../../images/ava/images/683341.jpg
0.6486686,0.24696031,0.10437118,../../../images/ava/images/904583.jpg
0.111400284,0.44864175,0.439958,../../../images/ava/images/740346.jpg
0.10958819,0.4873968,0.40301502,../../../images/ava/images/780373.jpg
0.2806991,0.24499442,0.47430646,../../../images/ava/images/862192.jpg
0.39133453,0.31817713,0.2904884,../../../images/ava/images/306946.jpg
0.12872519,0.44726366,0.4240111,../../../images/ava/images/388808.jpg
0.28192917,0.56904405,0.14902684,../../../images/ava/images/734292.jpg
0.18552047,0.46751356,0.34696594,../../../images/ava/images/755084.jpg
0.20374191,0.5747259,0.22153223,../../../images/ava/images/800305.jpg
0.4484337,0.4181808,0.13338551,../../../images/ava/images/950941.jpg
0.18700159,0.2986756,0.5143228,../../../images/ava/images/506.jpg
0.15554427,0.53862566,0.30583003,../../../images/ava/images/824234.jpg
0.4033739,0.3904214,0.20620471,../../../images/ava/images/38795.jpg
0.20086631,0.37021548,0.42891815,../../../images/ava/images/397947.jpg
0.09059056,0.41243902,0.49697047,../../../images/ava/images/667083.jpg
0.6441613,0.14899203,0.20684673,../../../images/ava/images/902302.jpg
0.16889445,0.54396415,0.28714138,../../../images/ava/images/886084.jpg
0.5067933,0.30432448,0.18888219,../../../images/ava/images/347819.jpg
0.09681829,0.39286813,0.5103136,../../../images/ava/images/746084.jpg
0.18549518,0.10644203,0.70806277,../../../images/ava/images/632095.jpg
0.08442191,0.3584161,0.5571619,../../../images/ava/images/447976.jpg
0.4739875,0.2767929,0.24921957,../../../images/ava/images/1624.jpg
0.2265669,0.34285715,0.43057594,../../../images/ava/images/727153.jpg
0.7096243,0.18716417,0.103211574,../../../images/ava/images/434637.jpg
0.33344117,0.5303869,0.13617194,../../../images/ava/images/301332.jpg
0.6655147,0.19002967,0.14445557,../../../images/ava/images/17427.jpg
0.13770887,0.62734276,0.2349483,../../../images/ava/images/208446.jpg
0.3077091,0.31015772,0.38213313,../../../images/ava/images/298346.jpg
0.30539632,0.42426246,0.27034125,../../../images/ava/images/459853.jpg
0.087273955,0.64000815,0.27271783,../../../images/ava/images/267110.jpg
0.21628027,0.65091807,0.13280159,../../../images/ava/images/92396.jpg
0.066080004,0.72774035,0.20617968,../../../images/ava/images/802121.jpg
0.13499904,0.4890763,0.3759247,../../../images/ava/images/793904.jpg
0.6790219,0.2491343,0.071843766,../../../images/ava/images/265373.jpg
0.58773386,0.20520473,0.2070614,../../../images/ava/images/48758.jpg
0.4161546,0.10293047,0.48091495,../../../images/ava/images/126749.jpg
0.5146126,0.32079002,0.16459733,../../../images/ava/images/852614.jpg
0.09871141,0.3409013,0.56038725,../../../images/ava/images/784883.jpg
0.10358228,0.50775754,0.38866013,../../../images/ava/images/17903.jpg
0.12679248,0.652819,0.22038846,../../../images/ava/images/771524.jpg
0.39035648,0.3617708,0.24787268,../../../images/ava/images/6904.jpg
0.28470322,0.14687768,0.5684191,../../../images/ava/images/42415.jpg
0.059696056,0.45534953,0.48495445,../../../images/ava/images/652045.jpg
0.4815734,0.30852762,0.20989901,../../../images/ava/images/298565.jpg
0.36413115,0.34985107,0.28601778,../../../images/ava/images/120247.jpg
0.33882892,0.3889954,0.27217564,../../../images/ava/images/10003.jpg
0.21232697,0.23396513,0.5537079,../../../images/ava/images/52586.jpg
0.5291265,0.36845684,0.10241664,../../../images/ava/images/26927.jpg
0.39108482,0.22634253,0.38257262,../../../images/ava/images/488310.jpg
0.113371044,0.50916827,0.3774607,../../../images/ava/images/83776.jpg
0.19729751,0.463165,0.33953747,../../../images/ava/images/3295.jpg
0.31378898,0.6077935,0.07841753,../../../images/ava/images/643621.jpg
0.20234369,0.24088879,0.5567675,../../../images/ava/images/749800.jpg
0.16804866,0.6792799,0.15267135,../../../images/ava/images/285660.jpg
0.49240613,0.10917636,0.39841756,../../../images/ava/images/934647.jpg
0.15221642,0.42255014,0.42523342,../../../images/ava/images/952008.jpg
0.52917963,0.26862755,0.2021929,../../../images/ava/images/937889.jpg
0.2740809,0.2744447,0.45147437,../../../images/ava/images/729015.jpg
0.13102753,0.34767163,0.5213008,../../../images/ava/images/920887.jpg
0.29743797,0.41930088,0.28326112,../../../images/ava/images/364370.jpg
0.4387578,0.25794736,0.3032948,../../../images/ava/images/51662.jpg
0.52413195,0.275802,0.200066,../../../images/ava/images/370709.jpg
0.3783785,0.4388363,0.18278523,../../../images/ava/images/880228.jpg
0.8900857,0.029403314,0.08051106,../../../images/ava/images/309716.jpg
0.24238387,0.6595776,0.09803851,../../../images/ava/images/103189.jpg
0.41898385,0.12612386,0.4548923,../../../images/ava/images/9482.jpg
0.2754101,0.2175803,0.50700957,../../../images/ava/images/755941.jpg
0.1417331,0.22832426,0.6299427,../../../images/ava/images/394334.jpg
0.5355443,0.18751281,0.27694288,../../../images/ava/images/342075.jpg
0.29815507,0.43438888,0.267456,../../../images/ava/images/86130.jpg
0.3709882,0.39687872,0.23213312,../../../images/ava/images/71729.jpg
0.22984107,0.23922813,0.53093076,../../../images/ava/images/795726.jpg
0.321833,0.38373685,0.29443014,../../../images/ava/images/375809.jpg
0.3467276,0.5532196,0.10005273,../../../images/ava/images/119481.jpg
0.18514143,0.34579918,0.4690594,../../../images/ava/images/251597.jpg
0.25511882,0.62537116,0.11951005,../../../images/ava/images/335761.jpg
0.008159204,0.77688426,0.21495663,../../../images/ava/images/41981.jpg
0.61749846,0.24711494,0.13538656,../../../images/ava/images/341668.jpg
0.41359955,0.25519162,0.33120874,../../../images/ava/images/570220.jpg
0.074598834,0.86139417,0.06400694,../../../images/ava/images/815990.jpg
0.16418111,0.27381173,0.5620071,../../../images/ava/images/728541.jpg
0.39487293,0.09986959,0.5052575,../../../images/ava/images/148871.jpg
0.16556352,0.5917684,0.24266809,../../../images/ava/images/312526.jpg
0.14818351,0.57969165,0.2721248,../../../images/ava/images/875370.jpg
0.49746448,0.271708,0.23082757,../../../images/ava/images/23394.jpg
0.6002733,0.26844597,0.1312807,../../../images/koniq10k/images/8385411442.jpg
0.2787577,0.32740706,0.39383522,../../../images/koniq10k/images/9625138420.jpg
0.30867782,0.30636173,0.3849605,../../../images/koniq10k/images/2713735764.jpg
0.14983517,0.31891382,0.531251,../../../images/koniq10k/images/11232665444.jpg
0.41758242,0.22674483,0.3556727,../../../images/koniq10k/images/5409637634.jpg
0.19693899,0.25420052,0.5488605,../../../images/koniq10k/images/364777572.jpg
0.071036294,0.120517,0.8084467,../../../images/koniq10k/images/7574036406.jpg
0.19909449,0.577601,0.22330448,../../../images/koniq10k/images/8021464988.jpg
0.23975469,0.5888369,0.17140839,../../../images/koniq10k/images/5464134286.jpg
0.23642345,0.2923267,0.47124988,../../../images/koniq10k/images/4954115704.jpg
0.18583457,0.44591957,0.3682458,../../../images/koniq10k/images/2939787669.jpg
0.14129472,0.35364673,0.5050585,../../../images/koniq10k/images/5468605223.jpg
0.47947118,0.3078523,0.21267655,../../../images/koniq10k/images/6211562802.jpg
0.19848573,0.47909847,0.32241577,../../../images/koniq10k/images/2416231204.jpg
0.62638646,0.24525324,0.12836024,../../../images/koniq10k/images/7141864663.jpg
0.009840967,0.49993408,0.49022493,../../../images/koniq10k/images/8730533258.jpg
0.13788602,0.250299,0.61181504,../../../images/koniq10k/images/2303343292.jpg
0.281278,0.3663272,0.3523948,../../../images/koniq10k/images/4142940823.jpg
0.109020524,0.35975552,0.53122395,../../../images/koniq10k/images/3828155719.jpg
0.42909434,0.33037716,0.24052852,../../../images/koniq10k/images/7318578602.jpg
0.14915907,0.5313425,0.31949836,../../../images/koniq10k/images/10680932454.jpg
0.20424591,0.28563637,0.51011777,../../../images/koniq10k/images/8568761304.jpg
0.4133149,0.41826195,0.16842318,../../../images/koniq10k/images/7152554103.jpg
0.12501115,0.6303391,0.24464975,../../../images/koniq10k/images/7985643395.jpg
0.111490026,0.43462953,0.45388046,../../../images/koniq10k/images/11139580153.jpg
0.18639767,0.4085523,0.40504998,../../../images/koniq10k/images/6739930655.jpg
0.15133424,0.51664984,0.33201596,../../../images/koniq10k/images/4819847439.jpg
0.33277535,0.42195275,0.24527183,../../../images/koniq10k/images/7470410498.jpg
0.18877283,0.4426458,0.36858132,../../../images/koniq10k/images/3107928091.jpg
0.5379348,0.3119743,0.15009093,../../../images/koniq10k/images/8021456503.jpg
0.099715084,0.49824032,0.40204462,../../../images/koniq10k/images/4805501528.jpg
0.36908156,0.31353715,0.31738132,../../../images/koniq10k/images/5007844069.jpg
0.24447325,0.46548367,0.290043,../../../images/koniq10k/images/2344211137.jpg
0.35455784,0.08204581,0.5633964,../../../images/koniq10k/images/145517507.jpg
0.0009942724,0.8366328,0.16237302,../../../images/koniq10k/images/8539498079.jpg
0.29701525,0.3274471,0.37553763,../../../images/koniq10k/images/6201268474.jpg
0.22989233,0.22120565,0.548902,../../../images/koniq10k/images/8142580716.jpg
0.5654389,0.37259805,0.061963018,../../../images/koniq10k/images/9510794857.jpg
0.35268787,0.048101343,0.5992108,../../../images/koniq10k/images/5456373866.jpg
0.22229914,0.5106765,0.26702437,../../../images/koniq10k/images/8457028188.jpg
0.7008958,0.14452271,0.15458153,../../../images/koniq10k/images/7903635044.jpg
0.23485886,0.36039305,0.40474808,../../../images/koniq10k/images/2848415190.jpg
0.13935153,0.78358537,0.07706316,../../../images/koniq10k/images/6993179262.jpg
0.110786244,0.5346425,0.35457122,../../../images/koniq10k/images/2649625286.jpg
0.17756452,0.29979038,0.52264506,../../../images/koniq10k/images/5646738672.jpg
0.09955343,0.45342296,0.44702357,../../../images/koniq10k/images/7238585598.jpg
0.24778761,0.3166795,0.43553284,../../../images/koniq10k/images/9251039345.jpg
0.05005839,0.3423849,0.6075567,../../../images/koniq10k/images/11546100824.jpg
0.11232632,0.39141643,0.49625728,../../../images/koniq10k/images/4626914740.jpg
0.14709094,0.677555,0.17535405,../../../images/koniq10k/images/3826205454.jpg
0.11742135,0.3132458,0.56933284,../../../images/koniq10k/images/7543713322.jpg
0.16161807,0.31624767,0.5221343,../../../images/koniq10k/images/8627391076.jpg
0.14701146,0.41851774,0.43447083,../../../images/koniq10k/images/6452060589.jpg
0.5325198,0.2890389,0.1784413,../../../images/koniq10k/images/7955776040.jpg
0.32092083,0.3880153,0.29106396,../../../images/koniq10k/images/6820819077.jpg
0.22160296,0.4291197,0.34927732,../../../images/koniq10k/images/11341117543.jpg
0.38451865,0.409198,0.20628338,../../../images/koniq10k/images/4405802084.jpg
0.0964519,0.69751763,0.20603043,../../../images/koniq10k/images/2125600207.jpg
0.5584697,0.22463948,0.21689086,../../../images/koniq10k/images/11270280904.jpg
0.285891,0.57051265,0.14359637,../../../images/koniq10k/images/4603364479.jpg
0.4171963,0.36114874,0.22165498,../../../images/koniq10k/images/9654462771.jpg
0.13946202,0.622648,0.23788993,../../../images/koniq10k/images/16057476.jpg
0.5423604,0.28348535,0.17415419,../../../images/koniq10k/images/4540896523.jpg
0.14627734,0.49905705,0.3546656,../../../images/koniq10k/images/5561556380.jpg
0.18438172,0.24127425,0.57434404,../../../images/koniq10k/images/4610304834.jpg
0.5146661,0.24896981,0.23636422,../../../images/koniq10k/images/2475938786.jpg
0.4603745,0.3003968,0.23922874,../../../images/koniq10k/images/5848411050.jpg
0.10851724,0.33614627,0.5553364,../../../images/koniq10k/images/7272392080.jpg
0.3781461,0.43932354,0.18253034,../../../images/koniq10k/images/6072006649.jpg
0.4800449,0.41565832,0.10429677,../../../images/koniq10k/images/3099787122.jpg
0.41887835,0.29840133,0.28272027,../../../images/koniq10k/images/6326442580.jpg
0.123965,0.6184683,0.25756672,../../../images/koniq10k/images/5612537234.jpg
0.32770947,0.54578894,0.12650153,../../../images/koniq10k/images/4113685341.jpg
0.12580696,0.41345543,0.4607376,../../../images/koniq10k/images/8617517082.jpg
0.024390673,0.8675176,0.10809169,../../../images/koniq10k/images/8436817796.jpg
0.30971673,0.3608668,0.32941648,../../../images/koniq10k/images/610496828.jpg
0.37188914,0.17933878,0.44877207,../../../images/koniq10k/images/9668766101.jpg
0.1554801,0.18768266,0.6568373,../../../images/koniq10k/images/3292481650.jpg
0.1323139,0.48400053,0.38368556,../../../images/koniq10k/images/2832980159.jpg
0.037580222,0.67811996,0.2842998,../../../images/koniq10k/images/5807318968.jpg
0.26699996,0.2792579,0.4537422,../../../images/koniq10k/images/6449745557.jpg
0.054502346,0.36629066,0.579207,../../../images/koniq10k/images/6778568929.jpg
0.53974843,0.19862294,0.2616286,../../../images/koniq10k/images/6092502687.jpg
0.37203506,0.32281396,0.30515096,../../../images/koniq10k/images/7408729508.jpg
0.43719605,0.28269723,0.2801067,../../../images/koniq10k/images/5064264405.jpg
0.5332346,0.08212081,0.38464457,../../../images/koniq10k/images/2286627596.jpg
0.1686603,0.44765267,0.38368702,../../../images/koniq10k/images/5629171325.jpg
0.29994047,0.08670121,0.6133583,../../../images/koniq10k/images/3726632967.jpg
0.5301267,0.1922006,0.27767268,../../../images/koniq10k/images/3450753884.jpg
0.21363811,0.44183743,0.34452444,../../../images/koniq10k/images/5715854575.jpg
0.34387913,0.29181325,0.36430764,../../../images/koniq10k/images/3368873733.jpg
0.4123495,0.2603414,0.32730913,../../../images/koniq10k/images/3465087333.jpg
0.09787401,0.24655145,0.6555745,../../../images/koniq10k/images/8164688693.jpg
0.32788524,0.3874644,0.28465044,../../../images/koniq10k/images/11079282234.jpg
0.39387116,0.42925292,0.17687593,../../../images/koniq10k/images/6176401677.jpg
0.37693536,0.34930116,0.27376354,../../../images/koniq10k/images/8258234240.jpg
0.2745019,0.26582718,0.45967102,../../../images/koniq10k/images/8507554609.jpg
0.5183738,0.26846954,0.21315663,../../../images/koniq10k/images/526555735.jpg
0.1528466,0.23669426,0.61045915,../../../images/koniq10k/images/701112732.jpg
0.1196564,0.3306786,0.549665,../../../images/koniq10k/images/8072726562.jpg
0.18481529,0.25072092,0.5644638,../../../images/koniq10k/images/3383452055.jpg
0.4037435,0.3940819,0.20217454,../../../images/koniq10k/images/8929337311.jpg
0.21931057,0.6156723,0.16501719,../../../images/koniq10k/images/5631740117.jpg
0.13965824,0.28894433,0.5713974,../../../images/koniq10k/images/9055579014.jpg
0.09122215,0.34528998,0.56348795,../../../images/koniq10k/images/3707755654.jpg
0.4941812,0.39217812,0.113640696,../../../images/koniq10k/images/563363297.jpg
0.24885626,0.43862593,0.31251776,../../../images/koniq10k/images/2202105982.jpg
0.35802674,0.29500738,0.34696594,../../../images/koniq10k/images/331340631.jpg
0.12394609,0.5270905,0.34896344,../../../images/koniq10k/images/4045599734.jpg
0.2456699,0.54128337,0.21304682,../../../images/koniq10k/images/8965909066.jpg
0.26648864,0.18137641,0.55213493,../../../images/koniq10k/images/3698386210.jpg
0.19004335,0.4363861,0.37357056,../../../images/koniq10k/images/4389975585.jpg
0.23216946,0.7320717,0.035758834,../../../images/koniq10k/images/3194756721.jpg
0.4037209,0.43860504,0.15767413,../../../images/koniq10k/images/4806591146.jpg
0.16915844,0.67283136,0.15801023,../../../images/koniq10k/images/6419047435.jpg
0.2270023,0.41716966,0.35582802,../../../images/koniq10k/images/8972898508.jpg
0.08312424,0.7042484,0.21262729,../../../images/koniq10k/images/8637618858.jpg
0.1502145,0.34095114,0.5088343,../../../images/koniq10k/images/392179845.jpg
0.14117171,0.3623849,0.49644342,../../../images/koniq10k/images/5034975248.jpg
0.39931282,0.07036802,0.53031915,../../../images/koniq10k/images/6992326754.jpg
0.15953827,0.54455525,0.29590654,../../../images/koniq10k/images/6603102821.jpg
0.25744525,0.33644804,0.40610677,../../../images/koniq10k/images/9898091624.jpg
0.14117725,0.5437215,0.31510127,../../../images/koniq10k/images/992920521.jpg
0.047236316,0.21698378,0.73577994,../../../images/koniq10k/images/5684508410.jpg
0.117652245,0.34905353,0.53329426,../../../images/koniq10k/images/4239526963.jpg
0.22294942,0.3948863,0.38216427,../../../images/koniq10k/images/8567636458.jpg
0.28670126,0.39586204,0.3174367,../../../images/koniq10k/images/269509962.jpg
0.63735247,0.27921516,0.0834324,../../../images/koniq10k/images/8398239689.jpg
0.1861738,0.39661774,0.41720852,../../../images/koniq10k/images/7934781744.jpg
0.276034,0.6176569,0.106309064,../../../images/koniq10k/images/2998270477.jpg
0.2877003,0.3898434,0.32245636,../../../images/koniq10k/images/5903878980.jpg
0.7642501,0.0653287,0.17042115,../../../images/koniq10k/images/7056790837.jpg
0.14763981,0.30446285,0.5478973,../../../images/koniq10k/images/10911046243.jpg
0.15780593,0.4105055,0.43168855,../../../images/koniq10k/images/2174764653.jpg
0.25266197,0.55877197,0.18856603,../../../images/koniq10k/images/4138608778.jpg
0.07114205,0.21311341,0.71574455,../../../images/koniq10k/images/4127387822.jpg
0.24193344,0.46376833,0.29429823,../../../images/koniq10k/images/439745674.jpg
0.09515708,0.8096747,0.095168225,../../../images/koniq10k/images/10173544123.jpg
0.6440709,0.14271037,0.21321872,../../../images/koniq10k/images/6000347443.jpg
0.47698405,0.1351793,0.38783664,../../../images/koniq10k/images/5435410945.jpg
0.039264772,0.14813112,0.81260407,../../../images/koniq10k/images/10246311914.jpg
0.53764504,0.07024357,0.39211145,../../../images/koniq10k/images/3114317948.jpg
0.17735648,0.17966403,0.6429795,../../../images/koniq10k/images/9047016405.jpg
0.2307027,0.3147193,0.45457807,../../../images/koniq10k/images/8528934790.jpg
0.07786892,0.7108269,0.21130425,../../../images/koniq10k/images/9650165015.jpg
0.060757086,0.7015445,0.2376984,../../../images/koniq10k/images/1100873520.jpg
0.13921233,0.21718273,0.64360493,../../../images/koniq10k/images/4639050491.jpg
0.119482875,0.30339372,0.57712334,../../../images/koniq10k/images/3277047132.jpg
0.35836726,0.40489718,0.23673554,../../../images/koniq10k/images/4174114328.jpg
0.06069647,0.35450783,0.5847957,../../../images/koniq10k/images/7365681654.jpg
0.31913072,0.51006913,0.17080015,../../../images/koniq10k/images/3711573590.jpg
0.21269907,0.3071996,0.4801013,../../../images/koniq10k/images/2748301393.jpg
0.20545612,0.28014827,0.51439553,../../../images/koniq10k/images/7762883720.jpg
0.7595958,0.11195862,0.1284455,../../../images/koniq10k/images/5649238461.jpg
0.27030465,0.53921163,0.19048369,../../../images/koniq10k/images/4626592042.jpg
0.23594105,0.5246089,0.23944995,../../../images/koniq10k/images/9768426856.jpg
0.14742817,0.22978398,0.62278783,../../../images/koniq10k/images/8646019769.jpg
0.21897666,0.59748054,0.18354277,../../../images/koniq10k/images/6594506719.jpg
0.25216943,0.27895007,0.46888044,../../../images/koniq10k/images/8077318332.jpg
0.30755362,0.32728386,0.36516258,../../../images/koniq10k/images/409597917.jpg
0.27282378,0.6123027,0.114873454,../../../images/koniq10k/images/6996280620.jpg
0.2277358,0.50598,0.2662842,../../../images/koniq10k/images/6486604889.jpg
0.24842837,0.3851279,0.36644375,../../../images/koniq10k/images/9222727460.jpg
0.2709294,0.2639209,0.46514967,../../../images/koniq10k/images/8145791705.jpg
0.028723625,0.5790603,0.39221612,../../../images/koniq10k/images/9346160455.jpg
0.563516,0.26153782,0.17494611,../../../images/koniq10k/images/6845847924.jpg
0.582559,0.26877657,0.1486644,../../../images/koniq10k/images/7597470314.jpg
0.3443656,0.21907441,0.43655998,../../../images/koniq10k/images/8377051997.jpg
0.657671,0.14412516,0.1982038,../../../images/koniq10k/images/2786566950.jpg
0.3705624,0.2848502,0.34458736,../../../images/koniq10k/images/7425462410.jpg
0.5919467,0.279505,0.12854831,../../../images/koniq10k/images/6158806771.jpg
0.10262655,0.40821114,0.48916224,../../../images/koniq10k/images/5664036497.jpg
0.14740522,0.6814307,0.17116408,../../../images/koniq10k/images/4947500856.jpg
0.30270156,0.28590265,0.41139576,../../../images/koniq10k/images/5536240490.jpg
0.05688557,0.8705505,0.07256397,../../../images/koniq10k/images/7969243650.jpg
0.12067046,0.5585152,0.3208143,../../../images/koniq10k/images/7276446104.jpg
0.42731497,0.43017823,0.14250678,../../../images/koniq10k/images/7006191446.jpg
0.09525003,0.35069877,0.55405116,../../../images/koniq10k/images/7854876374.jpg
0.31877795,0.3334308,0.3477913,../../../images/koniq10k/images/8083559682.jpg
0.36755458,0.55316,0.0792854,../../../images/koniq10k/images/9297933012.jpg
0.41416356,0.270989,0.31484744,../../../images/koniq10k/images/5468530650.jpg
0.23519623,0.40977004,0.35503376,../../../images/koniq10k/images/3174536924.jpg
0.17915945,0.51069564,0.31014493,../../../images/koniq10k/images/8684784453.jpg
0.34652176,0.10198616,0.5514921,../../../images/koniq10k/images/8157117322.jpg
0.36763698,0.4319846,0.20037843,../../../images/koniq10k/images/6940429128.jpg
0.23096743,0.43754283,0.3314897,../../../images/koniq10k/images/8305669061.jpg
0.34584442,0.13963965,0.51451594,../../../images/koniq10k/images/3943080167.jpg
0.4571335,0.34466267,0.1982038,../../../images/koniq10k/images/4042245241.jpg
0.2892207,0.24219431,0.46858507,../../../images/koniq10k/images/8667761330.jpg
0.3707001,0.35947606,0.26982388,../../../images/koniq10k/images/7627158600.jpg
0.57253826,0.2180826,0.20937909,../../../images/koniq10k/images/3722409963.jpg
0.17599697,0.50001335,0.3239897,../../../images/koniq10k/images/4883647933.jpg
0.12114695,0.5781476,0.3007055,../../../images/koniq10k/images/1289162225.jpg
0.48934394,0.40493244,0.10572368,../../../images/koniq10k/images/4551121129.jpg
0.10962741,0.78592956,0.104443,../../../images/koniq10k/images/4605755313.jpg
0.648798,0.133828,0.21737395,../../../images/koniq10k/images/4034220859.jpg
0.17274524,0.7268624,0.10039239,../../../images/koniq10k/images/2178785463.jpg
0.114390194,0.3709492,0.51466066,../../../images/own/images/IMG_4480.jpg
0.40278426,0.4698068,0.1274089,../../../images/own/images/IMG_7057.jpg
0.110280275,0.42794478,0.46177498,../../../images/own/images/IMG_6222.jpg
0.31851998,0.31428277,0.36719722,../../../images/own/images/IMG_20190513_210752882.jpg
0.7435884,0.086230926,0.17018062,../../../images/own/images/IMG_20190604_212833103.jpg
0.13577656,0.61074585,0.25347754,../../../images/own/images/IMG_20190531_214259013.jpg
0.2619674,0.32901824,0.4090144,../../../images/own/images/IMG-20151029-WA0005.jpg
0.057896696,0.21717635,0.72492695,../../../images/own/images/IMG_5984.jpg
0.5776099,0.34667146,0.075718634,../../../images/own/images/IMG_5971.jpg
0.090628915,0.6314977,0.2778734,../../../images/own/images/IMG_6945.jpg
0.22218408,0.57020146,0.20761444,../../../images/own/images/MG_9166.jpg
0.06754505,0.6957013,0.2367536,../../../images/own/images/IMG_4889.jpg
0.26685518,0.5801257,0.15301909,../../../images/own/images/02_IMG_0047.jpg
0.18956111,0.3880829,0.422356,../../../images/own/images/IMG_20191210_094007177.jpg
0.8232816,0.15425973,0.022458723,../../../images/own/images/IMG_5971_.jpg
0.5994485,0.31929567,0.08125583,../../../images/own/images/IMG_20180225_180057451.jpg
0.1693347,0.30299282,0.52767247,../../../images/own/images/IMG_7893.jpg
0.05916221,0.5853516,0.3554862,../../../images/own/images/IMG_5792.jpg
0.2705504,0.52142614,0.20802349,../../../images/own/images/IMG_5549.jpg
0.09623939,0.44265336,0.46110725,../../../images/own/images/MG_9180.jpg
0.261505,0.3908126,0.34768236,../../../images/own/images/MG_9035.jpg
0.2525835,0.60721934,0.14019717,../../../images/own/images/IMG_8918.jpg
0.23866506,0.48250422,0.27883068,../../../images/own/images/IMG_6819.jpg
0.4064259,0.5666293,0.026944887,../../../images/own/images/IMG_5567.jpg
0.68297946,0.12456583,0.19245468,../../../images/own/images/IMG_5391.jpg
0.18654768,0.63386464,0.17958759,../../../images/own/images/IMG_5557.jpg
0.13829365,0.57749426,0.28421208,../../../images/own/images/IMG_6010.jpg
0.31205785,0.52788854,0.16005366,../../../images/own/images/IMG_6215_california.jpg
0.32807603,0.1470993,0.5248247,../../../images/own/images/IMG_20201127_182815.jpg
0.15718009,0.6733131,0.1695068,../../../images/own/images/IMG_20191130_144510482.jpg
0.16906677,0.3548366,0.47609654,../../../images/own/images/IMG_8740.jpg
0.20647955,0.52111167,0.27240872,../../../images/own/images/IMG_20190517_142525721-EFFECTS.jpg
0.15118478,0.4180538,0.4307614,../../../images/own/images/IMG_3867_4.jpg
0.47161594,0.2848224,0.24356169,../../../images/own/images/IMG_5170.jpg
0.4582596,0.3973818,0.14435862,../../../images/own/images/IMG_7758.jpg
0.4940957,0.15874155,0.34716275,../../../images/own/images/OUT_8905.jpg
0.27748752,0.38788947,0.33462304,../../../images/own/images/IMG_7595.jpg
0.18019801,0.5169781,0.3028239,../../../images/own/images/IMG_8948.jpg
0.54916865,0.17936243,0.27146888,../../../images/own/images/IMG_4436.jpg
0.071555704,0.5558662,0.37257808,../../../images/own/images/IMG_5050.jpg
0.14452527,0.38390753,0.47156724,../../../images/own/images/IMG_8886.jpg
0.15430112,0.4345475,0.41115126,../../../images/own/images/IMG_7455.jpg
0.022905247,0.6085096,0.36858517,../../../images/own/images/IMG_7955.jpg
0.094117336,0.776975,0.12890765,../../../images/own/images/IMG_3049_0.jpg
0.39329612,0.50738716,0.09931671,../../../images/own/images/IMG_5452.jpg
0.5307783,0.33814615,0.1310755,../../../images/own/images/IMG-20170508-WA0004.jpg
0.15706368,0.63107234,0.21186402,../../../images/own/images/IMG_7392_.jpg
0.1152794,0.52537346,0.35934702,../../../images/own/images/IMG_5334.jpg
0.066287346,0.15472814,0.7789845,../../../images/own/images/blume.jpg
0.31671047,0.28318715,0.40010235,../../../images/own/images/IMG_4291.jpg
0.16047731,0.43962604,0.3998966,../../../images/own/images/IMG_8890.jpg
0.14075215,0.2713676,0.58788025,../../../images/own/images/IMG_8968.jpg
0.19221777,0.28328696,0.5244953,../../../images/own/images/MG_9215.jpg
0.15594238,0.29875934,0.5452983,../../../images/own/images/IMG_6258_.jpg
0.4037614,0.4552552,0.1409834,../../../images/own/images/01_IMG_9678.jpg
0.5415999,0.25256076,0.20583929,../../../images/own/images/IMG_5127.jpg
0.20353499,0.48715237,0.30931258,../../../images/own/images/IMG_6790.jpg
0.24391328,0.6751858,0.080901034,../../../images/own/images/IMG_0651.jpg
0.3748368,0.53265405,0.0925091,../../../images/own/images/IMG_3995.jpg
0.27694255,0.5183236,0.20473383,../../../images/own/images/IMG_7187.jpg
0.13008125,0.5369216,0.33299708,../../../images/own/images/IMG_5359.jpg
0.26582494,0.4855909,0.24858418,../../../images/own/images/IMG_20200819_124547156_BURST000_COVER_TOP.jpg
0.2839591,0.44659412,0.2694468,../../../images/own/images/IMG_20191101_115229045.jpg
0.19599423,0.4762648,0.3277411,../../../images/own/images/IMG_9401.jpg
0.3256324,0.5708779,0.103489645,../../../images/own/images/IMG_5188.jpg
0.071840525,0.27730036,0.6508591,../../../images/own/images/IMG_20200816_124118257_HDR.jpg
0.38060877,0.3044794,0.3149118,../../../images/own/images/01_IMG_9996.jpg
0.14929849,0.57776546,0.272936,../../../images/own/images/IMG_6970.jpg
0.31597713,0.22117363,0.46284926,../../../images/own/images/IMG_8774.jpg
0.47364813,0.34747374,0.17887813,../../../images/own/images/IMG_20200906_194627870.jpg
0.21036245,0.38635367,0.40328383,../../../images/own/images/IMG_5003.jpg
0.54197705,0.22166641,0.23635662,../../../images/own/images/IMG_4248.jpg
0.31313685,0.5340319,0.15283123,../../../images/own/images/IMG_6838.jpg
0.1684879,0.7103467,0.121165395,../../../images/own/images/IMG_6837.jpg
0.2315012,0.31865734,0.44984144,../../../images/own/images/IMG-20170508-WA0005.jpg
0.2574399,0.3187784,0.4237817,../../../images/own/images/IMG_7640.jpg
0.36401102,0.4638313,0.17215766,../../../images/own/images/IMG_7817.jpg
0.39363894,0.29662475,0.3097363,../../../images/own/images/IMG_4884.jpg
0.073243394,0.43047875,0.49627796,../../../images/own/images/IMG_8736.jpg
0.39406693,0.5395764,0.06635672,../../../images/own/images/IMG_6426.jpg
0.12775402,0.52044946,0.35179654,../../../images/own/images/IMG_5656.jpg
0.3576513,0.42977178,0.21257693,../../../images/own/images/IMG_20180224_212247556.jpg
0.15560772,0.67234164,0.1720506,../../../images/own/images/IMG_5045.jpg
0.10155843,0.45526978,0.4431718,../../../images/own/images/IMG_5283.jpg
0.42227426,0.2391875,0.33853823,../../../images/own/images/IMG_5572.jpg
0.56794494,0.26294643,0.16910864,../../../images/own/images/IMG_5936.jpg
0.44573298,0.43186578,0.12240124,../../../images/own/images/IMG_7663.jpg
0.45249692,0.40338278,0.14412025,../../../images/own/images/IMG_5541.jpg
0.56864893,0.3186513,0.11269977,../../../images/own/images/01_IMG_9943.jpg
0.24187863,0.66107655,0.09704478,../../../images/own/images/IMG_5982.jpg
0.15616265,0.53014284,0.31369457,../../../images/own/images/IMG_6976.jpg
0.43092737,0.37550673,0.1935659,../../../images/own/images/IMG_4140.jpg
0.3640837,0.31839147,0.31752485,../../../images/own/images/IMG_5424.jpg
0.14677279,0.47515678,0.37807032,../../../images/own/images/IMG_7450.jpg
0.1294836,0.71857387,0.1519426,../../../images/own/images/IMG_5484.jpg
0.18934773,0.25172445,0.5589278,../../../images/own/images/IMG_20180201_171046026.jpg
0.13712186,0.67270166,0.19017647,../../../images/own/images/IMG_7753.jpg
0.32352006,0.38366348,0.29281643,../../../images/own/images/IMG_6255_.jpg
0.17442335,0.5357244,0.2898522,../../../images/own/images/02_IMG_0278.jpg
0.10353877,0.42697778,0.4694835,../../../images/own/images/IMG_6909.jpg
0.33726904,0.41641265,0.2463183,../../../images/own/images/IMG_9320.jpg
0.3841835,0.36644,0.24937658,../../../images/own/images/IMG_4110.jpg
0.047681052,0.43038967,0.52192926,../../../images/own/images/IMG_20190901_161832305.jpg
0.23294485,0.1639713,0.60308385,../../../images/own/images/IMG_7141.jpg
0.09422277,0.23999098,0.66578627,../../../images/own/images/IMG_5099.jpg
0.42838275,0.3517228,0.21989451,../../../images/own/images/IMG_6314.jpg
0.11603197,0.27179316,0.61217487,../../../images/own/images/IMG_8868.jpg
0.37839988,0.45775992,0.16384025,../../../images/own/images/IMG_8917.jpg
0.51568663,0.22675945,0.25755394,../../../images/own/images/IMG_5010.jpg
0.6056128,0.347044,0.047343146,../../../images/own/images/IMG_20180118_122557411.jpg
0.15291254,0.564818,0.28226954,../../../images/own/images/IMG_20191130_131452287_HDR.jpg
0.4062438,0.4325038,0.16125241,../../../images/own/images/IMG_20191031_173218684.jpg
0.26743314,0.34318718,0.38937965,../../../images/own/images/IMG_20190831_145604539.jpg
0.06224885,0.24024196,0.69750917,../../../images/own/images/IMG_20190505_194506274_HDR-EFFECTS.jpg
0.078677945,0.62099457,0.3003275,../../../images/own/images/IMG_8098.jpg
0.38285118,0.5575581,0.059590723,../../../images/own/images/IMG_6454.jpg
0.4837553,0.3410434,0.17520133,../../../images/own/images/IMG_7579.jpg
0.3770439,0.26316148,0.35979462,../../../images/own/images/IMG_9065.jpg
0.2383648,0.5112271,0.2504081,../../../images/own/images/01_IMG_9832.jpg
0.3451908,0.44724643,0.20756277,../../../images/own/images/IMG_6457.jpg
0.04817992,0.49394634,0.45787364,../../../images/own/images/IMG_4922_.jpg
0.57020885,0.15574692,0.27404425,../../../images/own/images/IMG_4537.jpg
0.08717413,0.2752495,0.6375763,../../../images/own/images/IMG_20200928_164235267_HDR.jpg
0.21481739,0.4799033,0.30527928,../../../images/own/images/MG_9163.jpg
0.491442,0.28240788,0.22615011,../../../images/own/images/IMG_9671.jpg
0.23269846,0.1340575,0.63324404,../../../images/own/images/IMG_20200209_162238018.jpg
0.1972792,0.41030225,0.39241856,../../../images/own/images/01_IMG_9988.jpg
0.2639296,0.5116483,0.22442208,../../../images/own/images/IMG_5128.jpg
0.35103947,0.4875946,0.1613659,../../../images/own/images/IMG_5983.jpg
0.13070497,0.21803565,0.65125936,../../../images/own/images/IMG_6177_golden_2.jpg
0.28646573,0.4980605,0.21547376,../../../images/own/images/IMG_5571.jpg
0.054766282,0.7086037,0.23663004,../../../images/own/images/IMG_5150.jpg
0.30460072,0.32801843,0.36738083,../../../images/own/images/IMG_1665.jpg
0.06542755,0.581589,0.3529835,../../../images/own/images/IMG_20170907_182814017.jpg
0.31757355,0.502764,0.1796625,../../../images/own/images/IMG_4558.jpg
0.29630458,0.45109743,0.25259796,../../../images/own/images/IMG_9326.jpg
0.22256249,0.25545576,0.5219817,../../../images/pixabay_first50k/images/still-life-art-and-literature-4778543.jpg
0.43040353,0.38274753,0.18684891,../../../images/pixabay_first50k/images/textures-3668419.jpg
0.12812585,0.3822139,0.48966032,../../../images/pixabay_first50k/images/goose-3190750.jpg
0.124717705,0.36192518,0.5133571,../../../images/pixabay_first50k/images/swan-fight-4066486.jpg
0.08295706,0.47885305,0.4381899,../../../images/pixabay_first50k/images/el-capitan-4933472.jpg
0.45675263,0.23673017,0.3065172,../../../images/pixabay_first50k/images/race-5351045.jpg
0.31063303,0.4622819,0.22708507,../../../images/pixabay_first50k/images/man-and-nature-320129.jpg
0.2057101,0.39269647,0.40159342,../../../images/pixabay_first50k/images/lion-4581841.jpg
0.29687798,0.43450597,0.268616,../../../images/pixabay_first50k/images/ruins-5497556.jpg
0.1752679,0.41544643,0.40928572,../../../images/pixabay_first50k/images/tulip-561050.jpg
0.14740065,0.33236307,0.5202363,../../../images/pixabay_first50k/images/duck-4934652.jpg
0.38893628,0.102952994,0.50811076,../../../images/pixabay_first50k/images/model-1115438.jpg
0.21322595,0.2324792,0.5542948,../../../images/pixabay_first50k/images/sport-4448366.jpg
0.22982202,0.2983295,0.47184843,../../../images/pixabay_first50k/images/hirsch-3967567.jpg
0.2347929,0.51214755,0.25305957,../../../images/pixabay_first50k/images/buddhist-1793421.jpg
0.114379525,0.4983191,0.38730133,../../../images/pixabay_first50k/images/old-1130731.jpg
0.1599196,0.6557577,0.18432267,../../../images/pixabay_first50k/images/colombia-4933448.jpg
0.6045569,0.1686775,0.2267656,../../../images/pixabay_first50k/images/woman-5341680.jpg
0.14830935,0.24664824,0.6050424,../../../images/pixabay_first50k/images/maple-2135514.jpg
0.26759452,0.32142788,0.41097766,../../../images/pixabay_first50k/images/flower-5468520.jpg
0.35418558,0.35533118,0.29048324,../../../images/pixabay_first50k/images/horses-1414889.jpg
0.27149814,0.6387985,0.08970343,../../../images/pixabay_first50k/images/architecture-3984719.jpg
0.62071747,0.13276292,0.24651961,../../../images/pixabay_first50k/images/girl-5049480.jpg
0.6609449,0.19924818,0.13980693,../../../images/pixabay_first50k/images/people-2942958.jpg
0.17923227,0.6015594,0.21920833,../../../images/pixabay_first50k/images/lost-places-1549096.jpg
0.059689105,0.32188874,0.61842215,../../../images/pixabay_first50k/images/nature-3302869.jpg
0.37082452,0.43900687,0.1901686,../../../images/pixabay_first50k/images/soap-bubble-1958650.jpg
0.10615182,0.2661768,0.6276715,../../../images/pixabay_first50k/images/kingfisher-1068684.jpg
0.19714105,0.56574476,0.23711422,../../../images/pixabay_first50k/images/old-1130733.jpg
0.10244627,0.2935667,0.60398704,../../../images/pixabay_first50k/images/thistle-5140407.jpg
0.18060267,0.29370424,0.52569306,../../../images/pixabay_first50k/images/top-view-1248955.jpg
0.15233207,0.35730642,0.4903616,../../../images/pixabay_first50k/images/flower-2420942.jpg
0.22667429,0.5237389,0.2495868,../../../images/pixabay_first50k/images/paris-3896248.jpg
0.06452601,0.3972091,0.53826493,../../../images/pixabay_first50k/images/mountains-3788308.jpg
0.16438593,0.1604537,0.67516035,../../../images/pixabay_first50k/images/forest-4707812.jpg
0.08216368,0.2845107,0.63332564,../../../images/pixabay_first50k/images/color-4489444.jpg
0.14347018,0.42827043,0.4282594,../../../images/pixabay_first50k/images/fantasy-2750995.jpg
0.44200093,0.28398752,0.27401155,../../../images/pixabay_first50k/images/iceland-268152.jpg
0.27578592,0.27998605,0.444228,../../../images/pixabay_first50k/images/deer-5367751.jpg
0.30436105,0.34473282,0.3509062,../../../images/pixabay_first50k/images/tree-4490071.jpg
0.42726973,0.44743806,0.12529224,../../../images/pixabay_first50k/images/the-cascading-water-3700969.jpg
0.56733286,0.23555069,0.1971165,../../../images/pixabay_first50k/images/trees-4688002.jpg
0.16922289,0.41352743,0.41724968,../../../images/pixabay_first50k/images/rock-3619386.jpg
0.15443774,0.39353907,0.45202318,../../../images/pixabay_first50k/images/elephant-55255.jpg
0.0944271,0.41018885,0.49538407,../../../images/pixabay_first50k/images/temple-4580961.jpg
0.23758475,0.28633022,0.47608498,../../../images/pixabay_first50k/images/rose-3802424.jpg
0.15116887,0.33477643,0.51405466,../../../images/pixabay_first50k/images/child-4696138.jpg
0.5157107,0.19529031,0.28899902,../../../images/pixabay_first50k/images/tree-3224754.jpg
0.66462016,0.17810047,0.15727931,../../../images/pixabay_first50k/images/apple-4888541.jpg
0.5145185,0.18054947,0.30493206,../../../images/pixabay_first50k/images/woman-3585065.jpg
0.25541615,0.3952593,0.3493245,../../../images/pixabay_first50k/images/women-816255.jpg
0.4675861,0.19409367,0.33832014,../../../images/pixabay_first50k/images/glass-1283283.jpg
0.5052428,0.36289912,0.13185811,../../../images/pixabay_first50k/images/soap-bubble-1959327.jpg
0.439727,0.31873626,0.24153675,../../../images/pixabay_first50k/images/old-1130743.jpg
0.18058087,0.4481376,0.37128156,../../../images/pixabay_first50k/images/flower-5349909.jpg
0.2675347,0.30372503,0.4287403,../../../images/pixabay_first50k/images/nature-2573561.jpg
0.24737087,0.2520141,0.50061506,../../../images/pixabay_first50k/images/bottle-4974440.jpg
0.20147055,0.37052584,0.42800367,../../../images/pixabay_first50k/images/coast-540123.jpg
0.33501312,0.35592517,0.30906168,../../../images/pixabay_first50k/images/mountain-4195328.jpg
0.060344126,0.19507934,0.7445766,../../../images/pixabay_first50k/images/flower-315444.jpg
0.2499987,0.41166335,0.338338,../../../images/pixabay_first50k/images/wild-5090.jpg
0.23991717,0.27956763,0.48051512,../../../images/pixabay_first50k/images/fruits-82524.jpg
0.12562165,0.15051562,0.72386277,../../../images/pixabay_first50k/images/nature-693417.jpg
0.042969752,0.6951002,0.26193005,../../../images/pixabay_first50k/images/stockholm-2496370.jpg
0.28864717,0.5217821,0.18957077,../../../images/pixabay_first50k/images/dance-1958128.jpg
0.17738418,0.29776952,0.5248463,../../../images/pixabay_first50k/images/autumn-3755067.jpg
0.4802968,0.16573676,0.35396641,../../../images/pixabay_first50k/images/child-659283.jpg
0.2829588,0.46128815,0.25575298,../../../images/pixabay_first50k/images/lime-319950.jpg
0.09307221,0.12642539,0.7805024,../../../images/pixabay_first50k/images/warm-and-cozy-1975215.jpg
0.0808798,0.7968148,0.122305445,../../../images/pixabay_first50k/images/spring-1256810.jpg
0.09216471,0.46578744,0.4420479,../../../images/pixabay_first50k/images/bee-5349886.jpg
0.077888206,0.42538446,0.49672732,../../../images/pixabay_first50k/images/fair-540126.jpg
0.07223129,0.51590437,0.4118643,../../../images/pixabay_first50k/images/slice-of-lemon-2135548.jpg
0.0844587,0.27275413,0.64278716,../../../images/pixabay_first50k/images/village-3628524.jpg
0.063960865,0.44747344,0.48856565,../../../images/pixabay_first50k/images/waterfall-163579.jpg
0.023124333,0.69470793,0.2821677,../../../images/pixabay_first50k/images/landscape-540115.jpg
0.213726,0.5681707,0.21810327,../../../images/pixabay_first50k/images/women-1209678.jpg
0.29861483,0.6188054,0.08257973,../../../images/pixabay_first50k/images/rain-315446.jpg
0.27803698,0.2412174,0.48074555,../../../images/pixabay_first50k/images/mushroom-468674.jpg
0.64594716,0.27433482,0.079717934,../../../images/pixabay_first50k/images/winter-1142029.jpg
0.035410836,0.27053884,0.6940503,../../../images/pixabay_first50k/images/rome-5163868.jpg
0.35797238,0.40431598,0.23771165,../../../images/pixabay_first50k/images/fruit-1027987.jpg
0.03875992,0.17566755,0.7855725,../../../images/pixabay_first50k/images/autumn-leaves-2789234.jpg
0.04744197,0.5298983,0.42265978,../../../images/pixabay_first50k/images/cliffs-4422977.jpg
0.31134474,0.2775172,0.41113803,../../../images/pixabay_first50k/images/gulls-84208.jpg
0.31000498,0.4464105,0.24358451,../../../images/pixabay_first50k/images/water-lily-3823928.jpg
0.17361285,0.5212359,0.3051513,../../../images/pixabay_first50k/images/drop-of-water-545377.jpg
0.34594658,0.39812112,0.25593236,../../../images/pixabay_first50k/images/plums-276075.jpg
0.5312777,0.1490406,0.31968176,../../../images/pixabay_first50k/images/bird-1975522.jpg
0.14982088,0.4210178,0.42916128,../../../images/pixabay_first50k/images/fiber-optic-2749588.jpg
0.07338971,0.4795519,0.44705844,../../../images/pixabay_first50k/images/volcano-560388.jpg
0.15040298,0.21786052,0.6317365,../../../images/pixabay_first50k/images/sunrise-320079.jpg
0.15133375,0.5473853,0.301281,../../../images/pixabay_first50k/images/heron-stalking-5367169.jpg
0.108438976,0.8435308,0.04803032,../../../images/pixabay_first50k/images/navy-ship-4510940.jpg
0.5544199,0.30541527,0.14016496,../../../images/pixabay_first50k/images/nature-3046567.jpg
0.30020237,0.40267223,0.2971254,../../../images/pixabay_first50k/images/frog-3386397.jpg
0.40523478,0.3148565,0.27990878,../../../images/pixabay_first50k/images/morning-4573991.jpg
0.081328735,0.3016178,0.6170535,../../../images/pixabay_first50k/images/violet-5108852.jpg
0.4504476,0.35265088,0.19690153,../../../images/pixabay_first50k/images/cross-2713356.jpg
0.13496587,0.33831006,0.52672404,../../../images/pixabay_first50k/images/trzmielowka-4759197.jpg
0.12124077,0.5295368,0.34922254,../../../images/pixabay_first50k/images/loco-1897607.jpg
0.3702244,0.31265485,0.31712067,../../../images/pixabay_first50k/images/shellfish-3062011.jpg
0.054402757,0.14616069,0.79943657,../../../images/pixabay_first50k/images/fragrapanti-4366075.jpg
0.22839276,0.47698966,0.29461753,../../../images/pixabay_first50k/images/house-mouse-5090096.jpg
0.038143907,0.27732447,0.68453157,../../../images/pixabay_first50k/images/sushi-2853382.jpg
0.071493335,0.32180113,0.60670555,../../../images/pixabay_first50k/images/magnolia-trees-556718.jpg
0.08336657,0.18875542,0.72787803,../../../images/pixabay_first50k/images/flower-3302834.jpg
0.16667937,0.3042983,0.52902234,../../../images/pixabay_first50k/images/primrose-5007661.jpg
0.13962683,0.5111807,0.3491925,../../../images/pixabay_first50k/images/factory-3337200.jpg
0.17792484,0.26052403,0.56155115,../../../images/pixabay_first50k/images/sunset-815270.jpg
0.08301373,0.41487545,0.5021108,../../../images/pixabay_first50k/images/spring-4079984.jpg
0.15735993,0.6219352,0.22070491,../../../images/pixabay_first50k/images/eye-1132531.jpg
0.45488375,0.36760187,0.17751442,../../../images/pixabay_first50k/images/apple-4837158.jpg
0.16450104,0.65437853,0.18112037,../../../images/pixabay_first50k/images/globe-3984876.jpg
0.05932041,0.28661272,0.65406686,../../../images/pixabay_first50k/images/flower-2394096.jpg
0.21455537,0.31848133,0.4669633,../../../images/pixabay_first50k/images/sea-3770942.jpg
0.697975,0.13543525,0.16658978,../../../images/pixabay_first50k/images/ski-103600.jpg
0.07006448,0.69400245,0.23593308,../../../images/pixabay_first50k/images/nature-1975455.jpg
0.24824202,0.37509122,0.37666678,../../../images/pixabay_first50k/images/lion-3372731.jpg
0.122410975,0.22855718,0.6490318,../../../images/pixabay_first50k/images/cake-4302405.jpg
0.30986458,0.54977095,0.14036447,../../../images/pixabay_first50k/images/people-2576291.jpg
0.1006326,0.44610608,0.45326138,../../../images/pixabay_first50k/images/cat-316990.jpg
0.43448833,0.21898313,0.34652853,../../../images/pixabay_first50k/images/meerkat-2482875.jpg
0.05784327,0.32877472,0.61338204,../../../images/pixabay_first50k/images/coffee-1399801.jpg
0.08670121,0.28330868,0.6299901,../../../images/pixabay_first50k/images/guardian-angel-2821427.jpg
0.1429295,0.23385775,0.62321275,../../../images/pixabay_first50k/images/spices-2548653.jpg
0.1798064,0.50150496,0.3186887,../../../images/pixabay_first50k/images/asia-1793414.jpg
0.6105307,0.29844743,0.09102186,../../../images/pixabay_first50k/images/son-1910304.jpg
0.08000825,0.4746093,0.4453825,../../../images/pixabay_first50k/images/marigold-54936.jpg
0.4013616,0.41190714,0.18673123,../../../images/pixabay_first50k/images/frost-1209402.jpg
0.7457191,0.1266779,0.12760307,../../../images/pixabay_first50k/images/farbenspiel-5107865.jpg
0.1440482,0.20001177,0.65594,../../../images/pixabay_first50k/images/mammal-2892911.jpg
0.15097238,0.41019577,0.43883187,../../../images/pixabay_first50k/images/castle-2744263.jpg
0.05636308,0.7215045,0.2221325,../../../images/pixabay_first50k/images/tea-2356775.jpg
0.23149161,0.5692162,0.19929218,../../../images/pixabay_first50k/images/water-2208931.jpg
0.15927155,0.41648856,0.42423984,../../../images/pixabay_first50k/images/fiore-4083073.jpg
0.16120116,0.24441098,0.5943878,../../../images/pixabay_first50k/images/flowers-2396324.jpg
0.13573588,0.2530322,0.61123186,../../../images/pixabay_first50k/images/liverwort-3159876.jpg
0.34953177,0.40824553,0.24222268,../../../images/pixabay_first50k/images/drone-5106882.jpg
0.16869517,0.5618304,0.26947448,../../../images/pixabay_first50k/images/sydney-3629684.jpg
0.057282053,0.49475533,0.44796258,../../../images/pixabay_first50k/images/green-tea-2356770.jpg
0.7512737,0.13220914,0.1165172,../../../images/pixabay_first50k/images/message-in-a-bottle-1694868.jpg
0.09857573,0.1435109,0.75791335,../../../images/pixabay_first50k/images/flower-5109122.jpg
0.2748488,0.44599435,0.27915683,../../../images/pixabay_first50k/images/camera-792044.jpg
0.14523825,0.38295114,0.47181058,../../../images/pixabay_first50k/images/liver-sausage-556489.jpg
0.40908796,0.2531742,0.3377378,../../../images/pixabay_first50k/images/sunset-2496237.jpg
0.62559164,0.18645185,0.18795647,../../../images/pixabay_first50k/images/tree-1959267.jpg
0.07789148,0.3251021,0.59700644,../../../images/pixabay_first50k/images/sunflower-3598564.jpg
0.4396108,0.30947495,0.25091428,../../../images/pixabay_first50k/images/landscape-4694558.jpg
0.25735384,0.43147042,0.31117573,../../../images/pixabay_first50k/images/faith-2208916.jpg
0.12299661,0.47047114,0.40653217,../../../images/pixabay_first50k/images/tulips-320151.jpg
0.2879663,0.30651975,0.40551388,../../../images/pixabay_first50k/images/altai-3620114.jpg
0.23329465,0.24126066,0.5254447,../../../images/pixabay_first50k/images/swan-5366249.jpg
0.2243874,0.510523,0.26508954,../../../images/pixabay_first50k/images/nature-1283523.jpg
0.19096936,0.57887554,0.2301551,../../../images/pixabay_first50k/images/autumn-2789224.jpg
0.332199,0.3981048,0.26969615,../../../images/pixabay_first50k/images/drops-539161.jpg
0.3692057,0.34388915,0.28690517,../../../images/pixabay_first50k/images/red-panda-4366264.jpg
0.15977846,0.4719366,0.36828494,../../../images/pixabay_first50k/images/ghost-2935132.jpg
0.26320997,0.1814547,0.5553353,../../../images/pixabay_first50k/images/body-1130559.jpg
0.22111996,0.16431876,0.6145613,../../../images/pixabay_first50k/images/white-4414074.jpg
0.11413612,0.7247523,0.16111149,../../../images/pixabay_first50k/images/meadow-3743023.jpg
0.28612116,0.35618296,0.35769588,../../../images/pixabay_first50k/images/walnut-658527.jpg
0.15679927,0.27883154,0.5643692,../../../images/pixabay_first50k/images/gum-73649.jpg
0.29626888,0.18343526,0.52029586,../../../images/pixabay_first50k/images/hahn-3820939.jpg
0.6627817,0.14526792,0.19195032,../../../images/pixabay_first50k/images/fern-1250903.jpg
0.07223758,0.50708455,0.42067787,../../../images/pixabay_first50k/images/homberg-1959229.jpg
0.21072431,0.2589575,0.5303182,../../../images/pixabay_first50k/images/lasagna-3344997.jpg
0.094468884,0.5429648,0.36256632,../../../images/pixabay_first50k/images/scotland-540119.jpg
0.39468402,0.4796543,0.12566166,../../../images/pixabay_first50k/images/perfume-1860489.jpg
0.11821312,0.6390137,0.24277316,../../../images/pixabay_first50k/images/jeans-316778.jpg
0.3728458,0.20652118,0.42063308,../../../images/pixabay_first50k/images/black-and-white-4961809.jpg
0.07942216,0.32078773,0.59979016,../../../images/pixabay_first50k/images/bee-104628.jpg
0.120220155,0.21070379,0.6690761,../../../images/pixabay_first50k/images/sandwich-3827875.jpg
0.1094805,0.19367212,0.69684744,../../../images/pixabay_first50k/images/pregnant-woman-1910302.jpg
0.064648144,0.27301487,0.662337,../../../images/pixabay_first50k/images/rose-5326384.jpg
0.18127097,0.42645726,0.3922718,../../../images/pixabay_first50k/images/creek-21749.jpg
0.39350927,0.17359704,0.4328937,../../../images/pixabay_first50k/images/dog-training-5098572.jpg
0.84466815,0.07055954,0.08477238,../../../images/pixabay_first50k/images/woman-3895501.jpg
0.090725645,0.29117382,0.6181005,../../../images/pixabay_first50k/images/cookies-2576563.jpg
0.27750248,0.34568667,0.37681088,../../../images/pixabay_first50k/images/beaded-2137080.jpg
0.07632574,0.7436057,0.18006861,../../../images/pixabay_first50k/images/kermit-1709830.jpg
0.20021018,0.6616113,0.1381786,../../../images/pixabay_first50k/images/background-3144232.jpg
0.18561716,0.5677061,0.24667673,../../../images/pixabay_first50k/images/asia-1793425.jpg
0.067742534,0.17390223,0.75835526,../../../images/pixabay_first50k/images/cloud-4593851.jpg
0.51576865,0.39968386,0.08454748,../../../images/pixabay_first50k/images/railroad-tracks-163518.jpg
0.1527547,0.13049346,0.7167518,../../../images/pixabay_first50k/images/nature-3047873.jpg
0.15321791,0.5653963,0.28138578,../../../images/pixabay_first50k/images/nature-963293.jpg
0.48879722,0.31805965,0.19314305,../../../images/pixabay_first50k/images/potion-1249050.jpg
0.06221678,0.5713925,0.3663908,../../../images/pixabay_first50k/images/wine-1796891.jpg
0.27426997,0.33733892,0.3883911,../../../images/pixabay_first50k/images/waterscape-4208104.jpg
0.24838476,0.3997565,0.3518587,../../../images/pixabay_first50k/images/stilt-3585561.jpg
